Dia,Hora,Chuva,Temperatura,Umidade
2/1/2018,0:00:00,0,24.6,59
2/1/2018,0:15:00,0,24.1,61
2/1/2018,0:30:00,0,23.4,63
2/1/2018,0:45:00,0,23.2,65
2/1/2018,1:00:00,0,23,66
2/1/2018,1:15:00,0,22.7,67
2/1/2018,1:30:00,0,22.6,68
2/1/2018,1:45:00,0,22.4,68
2/1/2018,2:00:00,0,21.6,69
2/1/2018,2:15:00,0,22,69
2/1/2018,2:30:00,0,21.8,70
2/1/2018,2:45:00,0,22,70
2/1/2018,3:00:00,0,21.8,71
2/1/2018,3:15:00,0,22,71
2/1/2018,3:30:00,0,21.8,71
2/1/2018,3:45:00,0,21.5,71
2/1/2018,4:00:00,0,21.6,72
2/1/2018,4:15:00,0,21.6,72
2/1/2018,4:30:00,0,21.8,72
2/1/2018,4:45:00,0,21.6,72
2/1/2018,5:00:00,0,21.5,72
2/1/2018,5:15:00,0,21.6,73
2/1/2018,5:30:00,0,21.6,73
2/1/2018,5:45:00,0,22,73
2/1/2018,6:00:00,0,21.8,73
2/1/2018,6:15:00,0,21.9,73
2/1/2018,6:30:00,0,21.9,73
2/1/2018,6:45:00,0,21.9,73
2/1/2018,7:00:00,0,22.3,73
2/1/2018,7:15:00,0,22.1,73
2/1/2018,7:30:00,0,22.3,73
2/1/2018,7:45:00,0,22.5,73
2/1/2018,8:00:00,0,22.3,73
2/1/2018,8:15:00,0,22.3,74
2/1/2018,8:30:00,0,23,73
2/1/2018,8:45:00,0,22.7,73
2/1/2018,9:00:00,0,23.1,73
2/1/2018,9:15:00,0,23.7,73
2/1/2018,9:30:00,0,24.5,70
2/1/2018,9:45:00,0,25.9,58
2/1/2018,10:00:00,0,27.3,50
2/1/2018,10:15:00,0,27,49
2/1/2018,10:30:00,0,27.4,48
2/1/2018,10:45:00,0,27,51
2/1/2018,11:00:00,0,27.3,48
2/1/2018,11:15:00,0,27.7,48
2/1/2018,11:30:00,0,27.6,48
2/1/2018,11:45:00,0,28.5,48
2/1/2018,12:00:00,0,29.1,48
2/1/2018,12:15:00,0,27,52
2/1/2018,12:30:00,0,27.7,50
2/1/2018,12:45:00,0,27.4,49
2/1/2018,13:00:00,0,28.5,49
2/1/2018,13:15:00,0,28,48
2/1/2018,13:30:00,0,27.6,48
2/1/2018,13:45:00,0,28.4,47
2/1/2018,14:00:00,0,27.7,47
2/1/2018,14:15:00,0,27.9,47
2/1/2018,14:30:00,0,27.5,46
2/1/2018,14:45:00,0,27.5,46
2/1/2018,15:00:00,0,27.7,48
2/1/2018,15:15:00,0,27.4,47
2/1/2018,15:30:00,0,27.3,49
2/1/2018,15:45:00,0,27.4,47
2/1/2018,16:00:00,0,29.6,46
2/1/2018,16:15:00,0,27.4,49
2/1/2018,16:30:00,0,27.5,49
2/1/2018,16:45:00,0,27.3,49
2/1/2018,17:00:00,0,26.8,50
2/1/2018,17:15:00,0,27.3,51
2/1/2018,17:30:00,0,27.1,50
2/1/2018,17:45:00,0,27.1,51
2/1/2018,18:00:00,0,27.1,51
2/1/2018,18:15:00,0,27.3,52
2/1/2018,18:30:00,0,26.4,51
2/1/2018,18:45:00,0,26.3,51
2/1/2018,19:00:00,0,25.8,52
2/1/2018,19:15:00,0,25.6,54
2/1/2018,19:30:00,0,25.3,56
2/1/2018,19:45:00,0,25.3,57
2/1/2018,20:00:00,0,24.7,56
2/1/2018,20:15:00,0,25.2,57
2/1/2018,20:30:00,0,24.8,57
2/1/2018,20:45:00,0,24.7,58
2/1/2018,21:00:00,0,24.6,58
2/1/2018,21:15:00,0,24.9,57
2/1/2018,21:30:00,0,24.7,58
2/1/2018,21:45:00,0,24.8,57
2/1/2018,22:00:00,0,24.8,57
2/1/2018,22:15:00,0,24.5,57
2/1/2018,22:30:00,0,24.7,57
2/1/2018,22:45:00,0,24.7,59
2/1/2018,23:00:00,0,24.6,59
2/1/2018,23:15:00,0,24.5,59
2/1/2018,23:30:00,0,24.9,59
2/1/2018,23:45:00,0,24.3,59
2/2/2018,0:00:00,0,23.6,62
2/2/2018,0:15:00,0,23.4,64
2/2/2018,0:30:00,0,23.1,65
2/2/2018,0:45:00,0,23,65
2/2/2018,1:00:00,0,22.7,66
2/2/2018,1:15:00,0,22.5,67
2/2/2018,1:30:00,0,22.6,68
2/2/2018,1:45:00,0,22.1,68
2/2/2018,2:00:00,0,22.1,69
2/2/2018,2:15:00,0,21.9,69
2/2/2018,2:30:00,0,21.8,69
2/2/2018,2:45:00,0,21.9,70
2/2/2018,3:00:00,0,21.8,70
2/2/2018,4:15:00,0,21.8,71
2/2/2018,4:30:00,0,21.9,71
2/2/2018,4:45:00,0,21.6,71
2/2/2018,5:00:00,0,21.9,71
2/2/2018,5:15:00,0,21.6,72
2/2/2018,5:30:00,0,21.9,72
2/2/2018,5:45:00,0,21.8,72
2/2/2018,6:00:00,0,21.5,72
2/2/2018,6:15:00,0,21.8,72
2/2/2018,6:30:00,0,21.5,72
2/2/2018,6:45:00,0,21.9,72
2/2/2018,7:00:00,0,21.9,72
2/2/2018,7:15:00,0,22.3,72
2/2/2018,7:30:00,0,22.5,72
2/2/2018,7:45:00,0,23.1,72
2/2/2018,8:00:00,0,24.3,71
2/2/2018,8:15:00,0,26.4,67
2/2/2018,8:30:00,0,26.4,57
2/2/2018,8:45:00,0,27.3,50
2/2/2018,9:00:00,0,28.4,48
2/2/2018,9:15:00,0,27.7,47
2/2/2018,9:30:00,0,27.1,49
2/2/2018,9:45:00,0,26,51
2/2/2018,10:00:00,0,25.9,51
2/2/2018,10:15:00,0,27.6,47
2/2/2018,10:30:00,0,27,47
2/2/2018,10:45:00,0,27.6,46
2/2/2018,11:00:00,0,27.9,47
2/2/2018,11:15:00,0,27.1,46
2/2/2018,11:30:00,0,27.1,50
2/2/2018,11:45:00,0,28,48
2/2/2018,12:00:00,0,28.2,49
2/2/2018,12:15:00,0,28.2,47
2/2/2018,12:30:00,0,27,52
2/2/2018,12:45:00,0,27.4,50
2/2/2018,13:00:00,0,27.6,50
2/2/2018,13:15:00,0,28.1,48
2/2/2018,13:30:00,0,27.4,50
2/2/2018,13:45:00,0,27.6,50
2/2/2018,14:00:00,0,27.6,48
2/2/2018,14:15:00,0,27.1,52
2/2/2018,14:30:00,0,28.1,48
2/2/2018,14:45:00,0,27.5,48
2/2/2018,15:00:00,0,26.9,49
2/2/2018,15:15:00,0,27.1,49
2/2/2018,15:30:00,0,28.8,45
2/2/2018,15:45:00,0,27.9,45
2/2/2018,16:00:00,0,28.5,47
2/2/2018,16:15:00,0,28.2,47
2/2/2018,16:30:00,0,28.2,48
2/2/2018,16:45:00,0,26.4,50
2/2/2018,17:00:00,0,27.3,48
2/2/2018,17:15:00,0,25.7,52
2/2/2018,17:30:00,0,26.8,51
2/2/2018,17:45:00,0,26.9,48
2/2/2018,18:00:00,0,25.9,51
2/2/2018,18:15:00,0,26,55
2/2/2018,18:30:00,0,25.8,53
2/2/2018,18:45:00,0,25.4,54
2/2/2018,19:00:00,0,25.2,56
2/2/2018,19:15:00,0,25.1,56
2/2/2018,19:30:00,0,25.2,55
2/2/2018,19:45:00,0,24.9,57
2/2/2018,20:00:00,0,24.8,57
2/2/2018,20:15:00,0,24.7,58
2/2/2018,20:30:00,0,24.7,58
2/2/2018,20:45:00,0,24.8,58
2/2/2018,21:00:00,0,24.6,59
2/2/2018,21:15:00,0,25.1,59
2/2/2018,21:30:00,0,24.7,59
2/2/2018,21:45:00,0,25.1,61
2/2/2018,22:00:00,0,24.9,61
2/2/2018,22:15:00,0,24.9,61
2/2/2018,22:30:00,0,24.8,61
2/2/2018,22:45:00,0,24.9,60
2/2/2018,23:00:00,0,24.7,61
2/2/2018,23:15:00,0,24.8,61
2/2/2018,23:30:00,0,24.8,61
2/2/2018,23:45:00,0,24.7,61
2/3/2018,0:00:00,0,24.3,61
2/3/2018,0:15:00,0,23.6,63
2/3/2018,0:30:00,0,23.6,65
2/3/2018,0:45:00,0,23.4,66
2/3/2018,1:00:00,0,22.7,67
2/3/2018,1:15:00,0,23.2,67
2/3/2018,1:30:00,0,23.2,67
2/3/2018,1:45:00,0,23,68
2/3/2018,2:00:00,0,23,68
2/3/2018,2:15:00,0,22.9,68
2/3/2018,2:30:00,0,22.7,68
2/3/2018,2:45:00,0,22.7,69
2/3/2018,3:00:00,0,23,69
2/3/2018,4:15:00,0,22.3,70
2/3/2018,4:30:00,0,22.1,71
2/3/2018,4:45:00,0,22.1,71
2/3/2018,5:00:00,0,22.5,71
2/3/2018,5:15:00,0,22.3,71
2/3/2018,5:30:00,0,22.4,71
2/3/2018,5:45:00,0,22,72
2/3/2018,6:00:00,0,22.3,72
2/3/2018,6:15:00,0,22.3,72
2/3/2018,6:30:00,0,22.5,72
2/3/2018,6:45:00,0,22.1,72
2/3/2018,7:00:00,0,22.4,72
2/3/2018,7:15:00,0,22.9,72
2/3/2018,7:30:00,0,22.6,72
2/3/2018,7:45:00,0,22.9,72
2/3/2018,8:00:00,0,23.2,72
2/3/2018,8:15:00,0,24.9,72
2/3/2018,8:30:00,0,25.1,69
2/3/2018,8:45:00,0,27.1,55
2/3/2018,9:00:00,0,27.4,52
2/3/2018,9:15:00,0,25.9,56
2/3/2018,9:30:00,0,26.7,53
2/3/2018,9:45:00,0,27.5,51
2/3/2018,10:00:00,0,28.1,51
2/3/2018,10:15:00,0,27.5,51
2/3/2018,10:30:00,0,27.7,49
2/3/2018,10:45:00,0,27.9,48
2/3/2018,11:00:00,0,28.1,50
2/3/2018,11:15:00,0,27.5,50
2/3/2018,11:30:00,0,27.4,48
2/3/2018,11:45:00,0,27.6,49
2/3/2018,12:00:00,0,27.6,47
2/3/2018,12:15:00,0,28.4,46
2/3/2018,12:30:00,0,28.4,46
2/3/2018,12:45:00,0,28.4,47
2/3/2018,13:00:00,0,28.7,46
2/3/2018,13:15:00,0,28.7,47
2/3/2018,13:30:00,0,29,46
2/3/2018,13:45:00,0,28.5,46
2/3/2018,14:00:00,0,28.2,46
2/3/2018,14:15:00,0,29.2,47
2/3/2018,14:30:00,0,28.1,45
2/3/2018,14:45:00,0,28.2,47
2/3/2018,15:00:00,0,27.6,47
2/3/2018,15:15:00,0,28.5,47
2/3/2018,15:30:00,0,28.1,47
2/3/2018,15:45:00,0,27.9,47
2/3/2018,16:00:00,0,27.5,46
2/3/2018,16:15:00,0,27.7,46
2/3/2018,16:30:00,0,27.5,47
2/3/2018,16:45:00,0,27.1,46
2/3/2018,17:00:00,0,28.7,46
2/3/2018,17:15:00,0,27.1,46
2/3/2018,17:30:00,0,27.4,46
2/3/2018,17:45:00,0,26.9,46
2/3/2018,18:00:00,0,27.1,48
2/3/2018,18:15:00,0,27,47
2/3/2018,18:30:00,0,26.7,48
2/3/2018,18:45:00,0,25.9,48
2/3/2018,19:00:00,0,25.7,49
2/3/2018,19:15:00,0,25.2,50
2/3/2018,19:30:00,0,24.6,48
2/3/2018,19:45:00,0,24.9,49
2/3/2018,20:00:00,0,24.8,49
2/3/2018,20:15:00,0,25.1,48
2/3/2018,20:30:00,0,25.2,48
2/3/2018,20:45:00,0,25.1,48
2/3/2018,21:00:00,0,24.9,48
2/3/2018,21:15:00,0,25.1,49
2/3/2018,21:30:00,0,24.7,49
2/3/2018,21:45:00,0,24.8,50
2/3/2018,22:00:00,0,24.6,49
2/3/2018,22:15:00,0,24.7,49
2/3/2018,22:30:00,0,24.7,49
2/3/2018,22:45:00,0,24.7,50
2/3/2018,23:00:00,0,24.7,49
2/3/2018,23:15:00,0,24.3,48
2/3/2018,23:30:00,0,24.8,49
2/3/2018,23:45:00,0,24.5,48
2/4/2018,0:00:00,0,24.5,48
2/4/2018,0:15:00,0,24.2,48
2/4/2018,0:30:00,0,24.3,48
2/4/2018,0:45:00,0,24.3,49
2/4/2018,1:00:00,0,24.1,47
2/4/2018,1:15:00,0,24.6,49
2/4/2018,1:30:00,0,23.6,49
2/4/2018,1:45:00,0,23.7,48
2/4/2018,2:00:00,0,24.2,48
2/4/2018,2:15:00,0,24,49
2/4/2018,2:30:00,0,23.8,48
2/4/2018,2:45:00,0,23.7,49
2/4/2018,3:00:00,0,23.8,49
2/4/2018,4:15:00,0,23.6,47
2/4/2018,4:30:00,0,23.6,48
2/4/2018,4:45:00,0,23.6,49
2/4/2018,5:00:00,0,22.9,49
2/4/2018,5:15:00,0,21.8,54
2/4/2018,5:30:00,0,20.7,59
2/4/2018,5:45:00,0,20.2,63
2/4/2018,6:00:00,0,21.2,64
2/4/2018,6:15:00,0,19.6,66
2/4/2018,6:30:00,0,19.8,66
2/4/2018,6:45:00,0,19.9,67
2/4/2018,7:00:00,0,19.8,68
2/4/2018,7:15:00,0,20.7,68
2/4/2018,7:30:00,0,20.5,68
2/4/2018,7:45:00,0,21.3,68
2/4/2018,8:00:00,0,21.5,67
2/4/2018,8:15:00,0,22.4,66
2/4/2018,8:30:00,0,23.8,63
2/4/2018,8:45:00,0,25.8,52
2/4/2018,9:00:00,0,26.3,45
2/4/2018,9:15:00,0,26.8,44
2/4/2018,9:30:00,0,26.3,43
2/4/2018,9:45:00,0,26.2,43
2/4/2018,10:00:00,0,27.1,41
2/4/2018,10:15:00,0,26.4,43
2/4/2018,10:30:00,0,26.9,40
2/4/2018,10:45:00,0,25.8,41
2/4/2018,11:00:00,0,27.1,40
2/4/2018,11:15:00,0,27,41
2/4/2018,11:30:00,0,26.4,40
2/4/2018,11:45:00,0,27.9,40
2/4/2018,12:00:00,0,28,39
2/4/2018,12:15:00,0,27.9,38
2/4/2018,12:30:00,0,27.6,38
2/4/2018,12:45:00,0,27,40
2/4/2018,13:00:00,0,27.6,40
2/4/2018,13:15:00,0,27.1,38
2/4/2018,13:30:00,0,27.7,37
2/4/2018,13:45:00,0,27,39
2/4/2018,14:00:00,0,28.4,39
2/4/2018,14:15:00,0,28.1,36
2/4/2018,14:30:00,0,29,37
2/4/2018,14:45:00,0,27.9,37
2/4/2018,15:00:00,0,27.1,38
2/4/2018,15:15:00,0,27.9,40
2/4/2018,15:30:00,0,27.4,40
2/4/2018,15:45:00,0,27.7,42
2/4/2018,16:00:00,0,27.9,39
2/4/2018,16:15:00,0,26.9,42
2/4/2018,16:30:00,0,27.4,41
2/4/2018,16:45:00,0,26.5,41
2/4/2018,17:00:00,0,26.5,43
2/4/2018,17:15:00,0,27,42
2/4/2018,17:30:00,0,26.3,42
2/4/2018,17:45:00,0,25.9,45
2/4/2018,18:00:00,0,26,47
2/4/2018,18:15:00,0,25.9,47
2/4/2018,18:30:00,0,25.4,48
2/4/2018,18:45:00,0,25.4,50
2/4/2018,19:00:00,0,25.8,50
2/4/2018,19:15:00,0,25.1,51
2/4/2018,19:30:00,0,25.1,52
2/4/2018,19:45:00,0,24.9,53
2/4/2018,20:00:00,0,24.7,53
2/4/2018,20:15:00,0,24.5,55
2/4/2018,20:30:00,0,24.1,56
2/4/2018,20:45:00,0,24.2,56
2/4/2018,21:00:00,0,23.8,57
2/4/2018,21:15:00,0,23.6,58
2/4/2018,21:30:00,0,23.5,59
2/4/2018,21:45:00,0,23.6,59
2/4/2018,22:00:00,0,23.6,60
2/4/2018,22:15:00,0,23.2,61
2/4/2018,22:30:00,0,23.4,61
2/4/2018,22:45:00,0,23.5,62
2/4/2018,23:00:00,0,23.2,62
2/4/2018,23:15:00,0,23,63
2/4/2018,23:30:00,0,23.1,63
2/4/2018,23:45:00,0,23.2,63
2/5/2018,0:00:00,0,22.6,63
2/5/2018,0:15:00,0,22.5,64
2/5/2018,0:30:00,0,22.4,65
2/5/2018,0:45:00,0,22.5,65
2/5/2018,1:00:00,0,22.4,65
2/5/2018,1:15:00,0,22.5,65
2/5/2018,1:30:00,0,22.4,66
2/5/2018,1:45:00,0,22.3,66
2/5/2018,2:00:00,0,22.1,66
2/5/2018,2:15:00,0,22.3,66
2/5/2018,2:30:00,0,22.1,66
2/5/2018,2:45:00,0,22,66
2/5/2018,3:00:00,0,21.8,66
2/5/2018,4:15:00,0,21.8,66
2/5/2018,4:30:00,0,22,66
2/5/2018,4:45:00,0.2,21.6,67
2/5/2018,5:00:00,0.2,21.9,67
2/5/2018,5:15:00,0.2,21.9,67
2/5/2018,5:30:00,0.2,21.9,67
2/5/2018,5:45:00,0,22,67
2/5/2018,6:00:00,0.2,21.9,67
2/5/2018,6:15:00,0,21.2,68
2/5/2018,6:30:00,0,21,67
2/5/2018,6:45:00,0,20.9,68
2/5/2018,7:00:00,0,21.2,69
2/5/2018,7:15:00,0,21.4,68
2/5/2018,7:30:00,0,21.6,69
2/5/2018,7:45:00,0,21.6,69
2/5/2018,8:00:00,0,22.1,70
2/5/2018,8:15:00,0,22.1,70
2/5/2018,8:30:00,0,22.1,70
2/5/2018,8:45:00,0,22.3,70
2/5/2018,9:00:00,0,22.3,70
2/5/2018,9:15:00,0,22.5,70
2/5/2018,9:30:00,0,22.5,69
2/5/2018,9:45:00,0,22.7,68
2/5/2018,10:00:00,0,22.1,67
2/5/2018,10:15:00,0,23.7,63
2/5/2018,10:30:00,0.2,23.5,61
2/5/2018,10:45:00,0.2,24,59
2/5/2018,11:00:00,0,23.6,57
2/5/2018,11:15:00,0,24.1,56
2/5/2018,11:30:00,0,23.8,59
2/5/2018,11:45:00,0,23.4,62
2/5/2018,12:00:00,0,23.6,63
2/5/2018,12:15:00,0,23.2,64
2/5/2018,12:30:00,0,22.6,64
2/5/2018,12:45:00,0,22.5,64
2/5/2018,13:00:00,0,21.5,64
2/5/2018,13:15:00,0.2,22.5,65
2/5/2018,13:30:00,0.2,22.7,66
2/5/2018,13:45:00,0.2,23.4,65
2/5/2018,14:00:00,0.4,23.6,62
2/5/2018,14:15:00,0.6,24.3,59
2/5/2018,14:30:00,0.2,23.7,58
2/5/2018,14:45:00,0.4,23.8,57
2/5/2018,15:00:00,0.4,24.1,57
2/5/2018,15:15:00,0.4,23,59
2/5/2018,15:30:00,0.4,22.7,61
2/5/2018,15:45:00,0.8,22,63
2/5/2018,16:00:00,1,22.5,64
2/5/2018,16:15:00,0.6,23,65
2/5/2018,16:30:00,0.2,22.1,67
2/5/2018,16:45:00,0.2,24.2,67
2/5/2018,17:00:00,0.2,22,69
2/5/2018,17:15:00,0,21.6,68
2/5/2018,17:30:00,0,21.6,68
2/5/2018,17:45:00,0,22.5,70
2/5/2018,18:00:00,0.2,22.6,70
2/5/2018,18:15:00,0.2,22.1,70
2/5/2018,18:30:00,0.2,22,70
2/5/2018,18:45:00,0,21.9,70
2/5/2018,19:00:00,0,21.8,70
2/5/2018,19:15:00,0,21.2,71
2/5/2018,19:30:00,0.2,21,71
2/5/2018,19:45:00,0.2,20.9,71
2/5/2018,20:00:00,0.2,20.9,71
2/5/2018,20:15:00,0,20.9,71
2/5/2018,20:30:00,0,21,72
2/5/2018,20:45:00,0.2,21,72
2/5/2018,21:00:00,0,20.9,72
2/5/2018,21:15:00,0.2,21,72
2/5/2018,21:30:00,0,20.8,72
2/5/2018,21:45:00,0,20.8,72
2/5/2018,22:00:00,0,20.8,72
2/5/2018,22:15:00,0,21,72
2/5/2018,22:30:00,0,20.8,72
2/5/2018,22:45:00,0,20.8,72
2/5/2018,23:00:00,0,20.9,72
2/5/2018,23:15:00,0,20.8,72
2/5/2018,23:30:00,0,20.8,72
2/5/2018,23:45:00,0,20.5,72
2/6/2018,0:00:00,0,20.8,73
2/6/2018,0:15:00,0,20.7,73
2/6/2018,0:30:00,0,20.3,73
2/6/2018,0:45:00,0,19.7,72
2/6/2018,1:00:00,0,19.7,73
2/6/2018,1:15:00,0,21.3,72
2/6/2018,1:30:00,0.2,20.5,72
2/6/2018,1:45:00,0,20.8,73
2/6/2018,2:00:00,0,20.4,73
2/6/2018,2:15:00,0,20.4,73
2/6/2018,2:30:00,0,20.2,73
2/6/2018,2:45:00,0.2,20.7,73
2/6/2018,3:00:00,0,20.7,73
2/6/2018,4:15:00,0.2,20.8,73
2/6/2018,4:30:00,0,20.8,73
2/6/2018,4:45:00,0,20.5,73
2/6/2018,5:00:00,0,20.4,73
2/6/2018,5:15:00,0,20.8,73
2/6/2018,5:30:00,0,20.7,73
2/6/2018,5:45:00,0,20.5,73
2/6/2018,6:00:00,0,20.5,73
2/6/2018,6:15:00,0,20.4,73
2/6/2018,6:30:00,0,20.5,73
2/6/2018,6:45:00,0,20.8,73
2/6/2018,7:00:00,0,20.7,73
2/6/2018,7:15:00,0,20.8,73
2/6/2018,7:30:00,0,20.9,74
2/6/2018,7:45:00,0.2,21,74
2/6/2018,8:00:00,0,20.4,73
2/6/2018,8:15:00,0,21.3,73
2/6/2018,8:30:00,0,21.3,73
2/6/2018,8:45:00,0,21.6,74
2/6/2018,9:00:00,0.2,22,73
2/6/2018,9:15:00,0,22,73
2/6/2018,9:30:00,0,21.4,73
2/6/2018,9:45:00,0,22.4,72
2/6/2018,10:00:00,0,23.1,71
2/6/2018,10:15:00,0,23.5,68
2/6/2018,10:30:00,0,24.6,61
2/6/2018,10:45:00,0,26.3,52
2/6/2018,11:00:00,0,26.5,48
2/6/2018,11:15:00,0,26.7,48
2/6/2018,11:30:00,0,26.9,46
2/6/2018,11:45:00,0,27.1,47
2/6/2018,12:00:00,0,26.5,45
2/6/2018,12:15:00,0,28.4,44
2/6/2018,12:30:00,0,26.5,48
2/6/2018,12:45:00,0,26,48
2/6/2018,13:00:00,0,26.7,49
2/6/2018,13:15:00,0,26.5,49
2/6/2018,13:30:00,0,26.3,49
2/6/2018,13:45:00,0,27,47
2/6/2018,14:00:00,0,27.4,47
2/6/2018,14:15:00,0,29.3,44
2/6/2018,14:30:00,0,27,47
2/6/2018,14:45:00,0,27.7,47
2/6/2018,15:00:00,0,28.1,45
2/6/2018,15:15:00,0,29.8,44
2/6/2018,15:30:00,0,28.5,46
2/6/2018,15:45:00,0,28.7,46
2/6/2018,16:00:00,0,27,46
2/6/2018,16:15:00,0,27.6,47
2/6/2018,16:30:00,0,26.8,47
2/6/2018,16:45:00,0,26.4,50
2/6/2018,17:00:00,0,27.4,48
2/6/2018,17:15:00,0,26.4,49
2/6/2018,17:30:00,0,27.1,49
2/6/2018,17:45:00,0,26.9,48
2/6/2018,18:00:00,0,26.5,51
2/6/2018,18:15:00,0,26.5,52
2/6/2018,18:30:00,0,25.9,53
2/6/2018,18:45:00,0,25.4,55
2/6/2018,19:00:00,0,25.3,56
2/6/2018,19:15:00,0,24.2,55
2/6/2018,19:30:00,0,25.2,56
2/6/2018,19:45:00,0,24.9,56
2/6/2018,20:00:00,0,24.9,56
2/6/2018,20:15:00,0,24.8,56
2/6/2018,20:30:00,0,24.8,57
2/6/2018,20:45:00,0,24.6,56
2/6/2018,21:00:00,0,24.3,58
2/6/2018,21:15:00,0,24,61
2/6/2018,21:30:00,0,23.6,64
2/6/2018,21:45:00,0,23.7,66
2/6/2018,22:00:00,0,23.4,67
2/6/2018,22:15:00,0,23.2,68
2/6/2018,22:30:00,0.2,23.1,69
2/6/2018,22:45:00,0.2,23.2,70
2/6/2018,23:00:00,0.2,23.1,70
2/6/2018,23:15:00,0.2,22.9,71
2/6/2018,23:30:00,0.2,22.9,71
2/6/2018,23:45:00,0.2,22.9,72
2/7/2018,0:00:00,0,23,72
2/7/2018,0:15:00,0.2,22.9,71
2/7/2018,0:30:00,0.2,22.3,72
2/7/2018,0:45:00,0.2,23,72
2/7/2018,1:00:00,0,22.7,73
2/7/2018,1:15:00,0.2,22.1,72
2/7/2018,1:30:00,0,22.4,73
2/7/2018,1:45:00,0,22.3,73
2/7/2018,2:00:00,0.2,22.5,73
2/7/2018,2:15:00,0,22.4,73
2/7/2018,2:30:00,0.2,22.3,73
2/7/2018,2:45:00,0,22.3,73
2/7/2018,3:00:00,0,22.3,73
2/7/2018,4:15:00,0,21.9,74
2/7/2018,4:30:00,0,22,74
2/7/2018,4:45:00,0,22.1,74
2/7/2018,5:00:00,0,22.1,74
2/7/2018,5:15:00,0,22.5,74
2/7/2018,5:30:00,0,22,74
2/7/2018,5:45:00,0,22.1,74
2/7/2018,6:00:00,0,21.9,74
2/7/2018,6:15:00,0,21.8,74
2/7/2018,6:30:00,0,21.8,74
2/7/2018,6:45:00,0,22,74
2/7/2018,7:00:00,0,22,74
2/7/2018,7:15:00,0,21.9,74
2/7/2018,7:30:00,0,22.4,74
2/7/2018,7:45:00,0,22.6,74
2/7/2018,8:00:00,0,23.2,74
2/7/2018,8:15:00,0,24,74
2/7/2018,8:30:00,0,23.1,73
2/7/2018,8:45:00,0,24.2,74
2/7/2018,9:00:00,0,24,74
2/7/2018,9:15:00,0,24.7,73
2/7/2018,9:30:00,0,25.1,73
2/7/2018,9:45:00,0,24.9,72
2/7/2018,10:00:00,0,24.3,68
2/7/2018,10:15:00,0,24.6,66
2/7/2018,10:30:00,0,26,62
2/7/2018,10:45:00,0,26,57
2/7/2018,11:00:00,0,27.4,53
2/7/2018,11:15:00,0,27.3,51
2/7/2018,11:30:00,0,27.6,52
2/7/2018,11:45:00,0,26.9,53
2/7/2018,12:00:00,0,27.9,51
2/7/2018,12:15:00,0,28.2,50
2/7/2018,12:30:00,0,28,50
2/7/2018,12:45:00,0,28.2,50
2/7/2018,13:00:00,0,26.4,55
2/7/2018,13:15:00,0,24.8,64
2/7/2018,13:30:00,0,27.7,61
2/7/2018,13:45:00,0,26.3,57
2/7/2018,14:00:00,0,26.7,56
2/7/2018,14:15:00,0,26.9,56
2/7/2018,14:30:00,0,27.1,53
2/7/2018,14:45:00,0,27.4,50
2/7/2018,15:00:00,0,27.6,50
2/7/2018,15:15:00,0,26.5,54
2/7/2018,15:30:00,0,27.1,53
2/7/2018,15:45:00,0,26.5,50
2/7/2018,16:00:00,0,27.6,47
2/7/2018,16:15:00,0,27.5,49
2/7/2018,16:30:00,0,27.5,51
2/7/2018,16:45:00,0,26.9,55
2/7/2018,17:00:00,0,27.9,51
2/7/2018,17:15:00,0,27.5,52
2/7/2018,17:30:00,0,27.4,53
2/7/2018,17:45:00,0,26.8,55
2/7/2018,18:00:00,0,27.1,53
2/7/2018,18:15:00,0,26.9,53
2/7/2018,18:30:00,0,26.8,54
2/7/2018,18:45:00,0,26.4,54
2/7/2018,19:00:00,0,26.3,56
2/7/2018,19:15:00,0,26.2,57
2/7/2018,19:30:00,0,25.4,59
2/7/2018,19:45:00,0,25.2,59
2/7/2018,20:00:00,0,25.4,59
2/7/2018,20:15:00,0,25.7,60
2/7/2018,20:30:00,0,25.2,60
2/7/2018,20:45:00,0,25.2,59
2/7/2018,21:00:00,0,25.4,60
2/7/2018,21:15:00,0,25.3,61
2/7/2018,21:30:00,0,25.2,61
2/7/2018,21:45:00,0,25.1,62
2/7/2018,22:00:00,0,24.8,62
2/7/2018,22:15:00,0,25.1,62
2/7/2018,22:30:00,0,25.3,62
2/7/2018,22:45:00,0,25.1,61
2/7/2018,23:00:00,0,24.6,63
2/7/2018,23:15:00,0,24.2,64
2/7/2018,23:30:00,0,24.5,66
2/7/2018,23:45:00,0,23.7,67
2/8/2018,0:00:00,0,23.2,69
2/8/2018,0:15:00,0,23.4,69
2/8/2018,0:30:00,0,23,70
2/8/2018,0:45:00,0,23.1,70
2/8/2018,1:00:00,0,23.1,71
2/8/2018,1:15:00,0,22.5,71
2/8/2018,1:30:00,0,22.4,72
2/8/2018,1:45:00,0,22,72
2/8/2018,2:00:00,0,21.9,72
2/8/2018,2:15:00,0,21.9,72
2/8/2018,2:30:00,0,22.3,72
2/8/2018,2:45:00,0,21.9,72
2/8/2018,3:00:00,0,21.9,73
2/8/2018,4:15:00,0,21.3,73
2/8/2018,4:30:00,0,21.4,73
2/8/2018,4:45:00,0,21.3,73
2/8/2018,5:00:00,0,21.5,73
2/8/2018,5:15:00,0,20.7,73
2/8/2018,5:30:00,0,21.3,75
2/8/2018,5:45:00,0,22.1,75
2/8/2018,6:00:00,0,21,73
2/8/2018,6:15:00,0,20.5,75
2/8/2018,6:30:00,0,21.9,73
2/8/2018,6:45:00,0,20.7,75
2/8/2018,7:00:00,0,21.4,75
2/8/2018,7:15:00,0,22.5,74
2/8/2018,7:30:00,0,23.1,74
2/8/2018,7:45:00,0,24.2,74
2/8/2018,8:00:00,0,24.5,74
2/8/2018,8:15:00,0,24.3,73
2/8/2018,8:30:00,0,24.8,72
2/8/2018,8:45:00,0,24.9,70
2/8/2018,9:00:00,0,25.9,65
2/8/2018,9:15:00,0,27.5,51
2/8/2018,9:30:00,0,28.5,46
2/8/2018,9:45:00,0,28.2,45
2/8/2018,10:00:00,0,27,51
2/8/2018,10:15:00,0,27.1,50
2/8/2018,10:30:00,0,26.8,49
2/8/2018,10:45:00,0,28.1,49
2/8/2018,11:00:00,0,27.7,51
2/8/2018,11:15:00,0,27.9,50
2/8/2018,11:30:00,0,27.7,49
2/8/2018,11:45:00,0,28,50
2/8/2018,12:00:00,0,28.1,51
2/8/2018,12:15:00,0,28.1,49
2/8/2018,12:30:00,0,28.6,49
2/8/2018,12:45:00,0,29,49
2/8/2018,13:00:00,0,29.5,47
2/8/2018,13:15:00,0,30.1,47
2/8/2018,13:30:00,0,29.2,46
2/8/2018,13:45:00,0,29.2,47
2/8/2018,14:00:00,0,29.2,47
2/8/2018,14:15:00,0,29.7,46
2/8/2018,14:30:00,0,28.8,47
2/8/2018,14:45:00,0,29,46
2/8/2018,15:00:00,0,29.5,47
2/8/2018,15:15:00,0,28.8,45
2/8/2018,15:30:00,0,28.7,46
2/8/2018,15:45:00,0,28.6,47
2/8/2018,16:00:00,0,28.7,47
2/8/2018,16:15:00,0,28.7,46
2/8/2018,16:30:00,0,28.7,47
2/8/2018,16:45:00,0,28.6,48
2/8/2018,17:00:00,0,28.7,48
2/8/2018,17:15:00,0,29,46
2/8/2018,17:30:00,0,29,44
2/8/2018,17:45:00,0,29,43
2/8/2018,18:00:00,0,28.2,45
2/8/2018,18:15:00,0,28,45
2/8/2018,18:30:00,0,28.2,47
2/8/2018,18:45:00,0,28,47
2/8/2018,19:00:00,0,28.1,50
2/8/2018,19:15:00,0,26.8,52
2/8/2018,19:30:00,0,25.9,54
2/8/2018,19:45:00,0,24.8,56
2/8/2018,20:00:00,0,25.2,58
2/8/2018,20:15:00,0,24.6,58
2/8/2018,20:30:00,0,25.1,58
2/8/2018,20:45:00,0,24.7,60
2/8/2018,21:00:00,0,24.7,61
2/8/2018,21:15:00,0,24.5,62
2/8/2018,21:30:00,0,24.8,62
2/8/2018,21:45:00,0,24.7,62
2/8/2018,22:00:00,0,24.5,63
2/8/2018,22:15:00,0,24.5,64
2/8/2018,22:30:00,0,24.6,64
2/8/2018,22:45:00,0,24.3,64
2/8/2018,23:00:00,0,24.3,65
2/8/2018,23:15:00,0,24.6,65
2/8/2018,23:30:00,0,24.6,65
2/8/2018,23:45:00,0,24.2,66
2/9/2018,0:00:00,0,23.6,66
2/9/2018,0:15:00,0,23.5,67
2/9/2018,0:30:00,0,23.6,68
2/9/2018,0:45:00,0,22.9,69
2/9/2018,1:00:00,0,22.7,69
2/9/2018,1:15:00,0,22.7,69
2/9/2018,1:30:00,0,22.9,70
2/9/2018,1:45:00,0,22.6,70
2/9/2018,2:00:00,0,22.5,70
2/9/2018,2:15:00,0,22.7,71
2/9/2018,2:30:00,0,22.5,71
2/9/2018,2:45:00,0,22.4,71
2/9/2018,3:00:00,0,22.1,71
2/9/2018,4:15:00,0,22.1,72
2/9/2018,4:30:00,0,22,72
2/9/2018,4:45:00,0,21.9,72
2/9/2018,5:00:00,0,21.9,72
2/9/2018,5:15:00,0,21.6,72
2/9/2018,5:30:00,0,21.5,72
2/9/2018,5:45:00,0,21.8,72
2/9/2018,6:00:00,0,22.3,71
2/9/2018,6:15:00,0,21.2,71
2/9/2018,6:30:00,0,22,72
2/9/2018,6:45:00,0,22,70
2/9/2018,7:00:00,0,22.3,70
2/9/2018,7:15:00,0,23.2,68
2/9/2018,7:30:00,0,24.1,65
2/9/2018,7:45:00,0,25.2,58
2/9/2018,8:00:00,0,26.5,52
2/9/2018,8:15:00,0,27,49
2/9/2018,8:30:00,0,27.3,46
2/9/2018,8:45:00,0,28.2,45
2/9/2018,9:00:00,0,29.3,43
2/9/2018,9:15:00,0,29.7,41
2/9/2018,9:30:00,0,29.5,39
2/9/2018,9:45:00,0,31.2,36
2/9/2018,10:00:00,0,30.8,34
2/9/2018,10:15:00,0,31.9,34
2/9/2018,10:30:00,0,32.3,33
2/9/2018,10:45:00,0,33.2,29
2/9/2018,11:00:00,0,33.1,31
2/9/2018,11:15:00,0,33.7,29
2/9/2018,11:30:00,0,30.9,37
2/9/2018,11:45:00,0,31,40
2/9/2018,12:00:00,0,30.8,38
2/9/2018,12:15:00,0,30.7,45
2/9/2018,12:30:00,0,30.4,46
2/9/2018,12:45:00,0,30.6,47
2/9/2018,13:00:00,0,30.2,47
2/9/2018,13:15:00,0,30.9,47
2/9/2018,13:30:00,0,30.7,47
2/9/2018,13:45:00,0,30.6,47
2/9/2018,14:00:00,0,30.9,46
2/9/2018,14:15:00,0,33.2,39
2/9/2018,14:30:00,0,33.5,34
2/9/2018,14:45:00,0,33.2,34
2/9/2018,15:00:00,0,33.5,34
2/9/2018,15:15:00,0,33,37
2/9/2018,15:30:00,0,31.3,43
2/9/2018,15:45:00,0,32.1,39
2/9/2018,16:00:00,0,31.4,39
2/9/2018,16:15:00,0,31.3,41
2/9/2018,16:30:00,0,31.3,41
2/9/2018,16:45:00,0,30.8,43
2/9/2018,17:00:00,0,29.9,46
2/9/2018,17:15:00,0,29.8,48
2/9/2018,17:30:00,0,29.1,47
2/9/2018,17:45:00,0,29.6,51
2/9/2018,18:00:00,0,29.2,51
2/9/2018,18:15:00,0,29.2,51
2/9/2018,18:30:00,0,28.5,51
2/9/2018,18:45:00,0,28.2,52
2/9/2018,19:00:00,0,27.7,56
2/9/2018,19:15:00,0,27.5,60
2/9/2018,19:30:00,0,26.7,63
2/9/2018,19:45:00,0,27,64
2/9/2018,20:00:00,0,25.9,66
2/9/2018,20:15:00,0,26.4,65
2/9/2018,20:30:00,0,26.7,65
2/9/2018,20:45:00,0,26.5,65
2/9/2018,21:00:00,0,26.5,66
2/9/2018,21:15:00,0,26.2,66
2/9/2018,21:30:00,0,26.3,66
2/9/2018,21:45:00,0,25.9,67
2/9/2018,22:00:00,0,26.3,67
2/9/2018,22:15:00,0,26,66
2/9/2018,22:30:00,0,25.4,66
2/9/2018,22:45:00,0,25.3,67
2/9/2018,23:00:00,0,25.6,68
2/9/2018,23:15:00,0,25.2,68
2/9/2018,23:30:00,0,24.8,69
2/9/2018,23:45:00,0,24.8,69
2/10/2018,0:00:00,0,24.3,69
2/10/2018,0:15:00,0,24.3,70
2/10/2018,0:30:00,0,24.3,70
2/10/2018,0:45:00,0,24.5,70
2/10/2018,1:00:00,0,23.8,70
2/10/2018,1:15:00,0,23.7,71
2/10/2018,1:30:00,0,24,70
2/10/2018,1:45:00,0,23.2,70
2/10/2018,2:00:00,0,23.4,71
2/10/2018,2:15:00,0,23.7,71
2/10/2018,2:30:00,0,24.1,71
2/10/2018,2:45:00,0,24,71
2/10/2018,3:00:00,0,24.1,71
2/10/2018,4:15:00,0,24.2,72
2/10/2018,4:30:00,0,24.2,72
2/10/2018,4:45:00,0,23.8,72
2/10/2018,5:00:00,0,23.8,72
2/10/2018,5:15:00,0,23.6,72
2/10/2018,5:30:00,0,23.6,72
2/10/2018,5:45:00,0,23.8,72
2/10/2018,6:00:00,0,23.7,72
2/10/2018,6:15:00,0,23.7,72
2/10/2018,6:30:00,0,23.7,72
2/10/2018,6:45:00,0,23.7,72
2/10/2018,7:00:00,0,23.8,72
2/10/2018,7:15:00,0,24.3,71
2/10/2018,7:30:00,0,24.6,71
2/10/2018,7:45:00,0,25.3,70
2/10/2018,8:00:00,0,27,62
2/10/2018,8:15:00,0,28.8,52
2/10/2018,8:30:00,0,29.1,47
2/10/2018,8:45:00,0,29.9,43
2/10/2018,9:00:00,0,31.7,41
2/10/2018,9:15:00,0,32.6,37
2/10/2018,9:30:00,0,33.7,36
2/10/2018,9:45:00,0,31.4,39
2/10/2018,10:00:00,0,31.2,39
2/10/2018,10:15:00,0,32.8,38
2/10/2018,10:30:00,0,33.1,37
2/10/2018,10:45:00,0,34,34
2/10/2018,11:00:00,0,34.7,31
2/10/2018,11:15:00,0,35.6,27
2/10/2018,11:30:00,0,35.2,28
2/10/2018,11:45:00,0,35,26
2/10/2018,12:00:00,0,36.4,25
2/10/2018,12:15:00,0,36.5,24
2/10/2018,12:30:00,0,37.5,24
2/10/2018,12:45:00,0,37.8,21
2/10/2018,13:00:00,0,37.5,22
2/10/2018,13:15:00,0,38.6,18
2/10/2018,13:30:00,0,37,21
2/10/2018,13:45:00,0,38.1,20
2/10/2018,14:00:00,0,39.8,17
2/10/2018,14:15:00,0,35.1,31
2/10/2018,14:30:00,0,35.7,27
2/10/2018,14:45:00,0,36,27
2/10/2018,15:00:00,0,35.3,28
2/10/2018,15:15:00,0,35.1,30
2/10/2018,15:30:00,0,35.2,27
2/10/2018,15:45:00,0,34.2,29
2/10/2018,16:00:00,0,33.6,31
2/10/2018,16:15:00,0,34.1,31
2/10/2018,16:30:00,0,35.1,31
2/10/2018,16:45:00,0,33.2,31
2/10/2018,17:00:00,0,33.6,32
2/10/2018,17:15:00,0,32.3,36
2/10/2018,17:30:00,0,32.3,37
2/10/2018,17:45:00,0,32,38
2/10/2018,18:00:00,0,31.7,39
2/10/2018,18:15:00,0,31.5,39
2/10/2018,18:30:00,0,30.8,41
2/10/2018,18:45:00,0,30.2,43
2/10/2018,19:00:00,0,29.5,45
2/10/2018,19:15:00,0,29.7,44
2/10/2018,19:30:00,0,29.6,46
2/10/2018,19:45:00,0,29.2,48
2/10/2018,20:00:00,0,28.6,48
2/10/2018,20:15:00,0,29.1,49
2/10/2018,20:30:00,0,28.1,48
2/10/2018,20:45:00,0,29,50
2/10/2018,21:00:00,0,29.1,50
2/10/2018,21:15:00,0,28.2,50
2/10/2018,21:30:00,0,27.9,59
2/10/2018,21:45:00,0,27.4,62
2/10/2018,22:00:00,0,27.1,63
2/10/2018,22:15:00,0,26.9,64
2/10/2018,22:30:00,0,27.1,65
2/10/2018,22:45:00,0,26.3,60
2/10/2018,23:00:00,0,27.3,54
2/10/2018,23:15:00,0,26.5,55
2/10/2018,23:30:00,0,25.6,58
2/10/2018,23:45:00,0,25.2,59
2/11/2018,0:00:00,0,25.1,57
2/11/2018,0:15:00,0,25.3,57
2/11/2018,0:30:00,0,24.9,58
2/11/2018,0:45:00,0,24.5,59
2/11/2018,1:00:00,0,24.8,59
2/11/2018,1:15:00,0,25.2,55
2/11/2018,1:30:00,0,25.3,53
2/11/2018,1:45:00,0,25.3,51
2/11/2018,2:00:00,0,25.1,50
2/11/2018,2:15:00,0,25.4,48
2/11/2018,2:30:00,0,25.2,51
2/11/2018,2:45:00,0,25.1,52
2/11/2018,3:00:00,0,24.9,51
2/11/2018,4:15:00,0,24.6,50
2/11/2018,4:30:00,0,24.9,49
2/11/2018,4:45:00,0,24.9,49
2/11/2018,5:00:00,0,24.8,48
2/11/2018,5:15:00,0,25.3,47
2/11/2018,5:30:00,0,24.8,48
2/11/2018,5:45:00,0,24.6,48
2/11/2018,6:00:00,0,24.5,49
2/11/2018,6:15:00,0,24.3,49
2/11/2018,6:30:00,0,24.5,48
2/11/2018,6:45:00,0,24.6,47
2/11/2018,7:00:00,0,24.5,48
2/11/2018,7:15:00,0,24.9,48
2/11/2018,7:30:00,0,25.4,48
2/11/2018,7:45:00,0,25.9,48
2/11/2018,8:00:00,0,27.5,45
2/11/2018,8:15:00,0,27.7,44
2/11/2018,8:30:00,0,27.7,43
2/11/2018,8:45:00,0,29.5,41
2/11/2018,9:00:00,0,30.2,36
2/11/2018,9:15:00,0,30.8,35
2/11/2018,9:30:00,0,31.8,33
2/11/2018,9:45:00,0,32.6,31
2/11/2018,10:00:00,0,32.8,29
2/11/2018,10:15:00,0,34.3,25
2/11/2018,10:30:00,0,30.7,41
2/11/2018,10:45:00,0,30.1,43
2/11/2018,11:00:00,0,29.8,45
2/11/2018,11:15:00,0,30.4,43
2/11/2018,11:30:00,0,30.4,40
2/11/2018,11:45:00,0,31.7,37
2/11/2018,12:00:00,0,31.9,36
2/11/2018,12:15:00,0,32.8,37
2/11/2018,12:30:00,0,34.7,33
2/11/2018,12:45:00,0,32.5,40
2/11/2018,13:00:00,0,32.3,40
2/11/2018,13:15:00,0,32.9,38
2/11/2018,13:30:00,0,33.4,39
2/11/2018,13:45:00,0,32.5,38
2/11/2018,14:00:00,0,34.2,32
2/11/2018,14:15:00,0,34.3,31
2/11/2018,14:30:00,0,31.9,41
2/11/2018,14:45:00,0,33.4,36
2/11/2018,15:00:00,0,34.1,31
2/11/2018,15:15:00,0,33.7,31
2/11/2018,15:30:00,0,35.3,30
2/11/2018,15:45:00,0,33.7,31
2/11/2018,16:00:00,0,33.4,32
2/11/2018,16:15:00,0,34,31
2/11/2018,16:30:00,0,33,32
2/11/2018,16:45:00,0,32.8,31
2/11/2018,17:00:00,0,32.5,34
2/11/2018,17:15:00,0,32.5,35
2/11/2018,17:30:00,0,31.9,36
2/11/2018,17:45:00,0,31.8,38
2/11/2018,18:00:00,0,31.7,39
2/11/2018,18:15:00,0,31.5,39
2/11/2018,18:30:00,0,30.2,40
2/11/2018,18:45:00,0,30.4,41
2/11/2018,19:00:00,0,30.1,42
2/11/2018,19:15:00,0,30.1,43
2/11/2018,19:30:00,0,29.2,46
2/11/2018,19:45:00,0,29.1,47
2/11/2018,20:00:00,0,28.8,49
2/11/2018,20:15:00,0,28.4,49
2/11/2018,20:30:00,0,28.2,48
2/11/2018,20:45:00,0,30.6,48
2/11/2018,21:00:00,0,29.1,49
2/11/2018,21:15:00,0,28.7,50
2/11/2018,21:30:00,0,28.2,51
2/11/2018,21:45:00,0,28,53
2/11/2018,22:00:00,0,27.4,56
2/11/2018,22:15:00,0,27.5,59
2/11/2018,22:30:00,0,27.6,62
2/11/2018,22:45:00,0,27.6,62
2/11/2018,23:00:00,0,27.6,63
2/11/2018,23:15:00,0,27.5,63
2/11/2018,23:30:00,0,27.4,63
2/11/2018,23:45:00,0,27.3,63
2/12/2018,0:00:00,0,27.4,63
2/12/2018,0:15:00,0,27.1,63
2/12/2018,0:30:00,0,27.1,63
2/12/2018,0:45:00,0,27.1,64
2/12/2018,1:00:00,0,26.9,64
2/12/2018,1:15:00,0,26.5,64
2/12/2018,1:30:00,0,26.5,65
2/12/2018,1:45:00,0,26.2,66
2/12/2018,2:00:00,0,25.9,66
2/12/2018,2:15:00,0,26,67
2/12/2018,2:30:00,0,25.9,67
2/12/2018,2:45:00,0,26,68
2/12/2018,3:00:00,0,25.6,68
2/12/2018,4:15:00,0,25.4,69
2/12/2018,4:30:00,0,25.4,69
2/12/2018,4:45:00,0,25.3,69
2/12/2018,5:00:00,0,25.6,69
2/12/2018,5:15:00,0,25.7,69
2/12/2018,5:30:00,0,25.1,69
2/12/2018,5:45:00,0,25.9,69
2/12/2018,6:00:00,0,24.6,68
2/12/2018,6:15:00,0,24.8,65
2/12/2018,6:30:00,0,25.7,59
2/12/2018,6:45:00,0,25.8,54
2/12/2018,7:00:00,0,26.2,53
2/12/2018,7:15:00,0,26.4,51
2/12/2018,7:30:00,0,26.8,48
2/12/2018,7:45:00,0,27.5,46
2/12/2018,8:00:00,0,27.6,44
2/12/2018,8:15:00,0,27.7,42
2/12/2018,8:30:00,0,28.2,40
2/12/2018,8:45:00,0,29,38
2/12/2018,9:00:00,0,29.3,34
2/12/2018,9:15:00,0,31,30
2/12/2018,9:30:00,0,32.4,26
2/12/2018,9:45:00,0,32.8,25
2/12/2018,10:00:00,0,33.2,24
2/12/2018,10:15:00,0,32.6,25
2/12/2018,10:30:00,0,34.5,22
2/12/2018,10:45:00,0,35.3,20
2/12/2018,11:00:00,0,35.9,18
2/12/2018,11:15:00,0,35.4,18
2/12/2018,11:30:00,0,35.8,17
2/12/2018,11:45:00,0,35.8,17
2/12/2018,12:00:00,0,36.9,16
2/12/2018,12:15:00,0,36.4,16
2/12/2018,12:30:00,0,36.8,15
2/12/2018,12:45:00,0,38,14
2/12/2018,13:00:00,0,37.3,14
2/12/2018,13:15:00,0,37.9,12
2/12/2018,13:30:00,0,38.9,12
2/12/2018,13:45:00,0,39.1,12
2/12/2018,14:00:00,0,39.2,12
2/12/2018,14:15:00,0,39.1,12
2/12/2018,14:30:00,0,33.2,40
2/12/2018,14:45:00,0,32.4,45
2/12/2018,15:00:00,0,31.4,49
2/12/2018,15:15:00,0,31.4,49
2/12/2018,15:30:00,0,31.3,50
2/12/2018,15:45:00,0,30.7,51
2/12/2018,16:00:00,0,30.8,52
2/12/2018,16:15:00,0,30.3,54
2/12/2018,16:30:00,0,29.9,54
2/12/2018,16:45:00,0,31.8,51
2/12/2018,17:00:00,0,30.9,44
2/12/2018,17:15:00,0,31.7,40
2/12/2018,17:30:00,0,32.6,39
2/12/2018,17:45:00,0,33.5,37
2/12/2018,18:00:00,0,31.3,43
2/12/2018,18:15:00,0,29.7,54
2/12/2018,18:30:00,0,29,56
2/12/2018,18:45:00,0,28.6,58
2/12/2018,19:00:00,0,28.4,58
2/12/2018,19:15:00,0,28.1,57
2/12/2018,19:30:00,0,27.9,56
2/12/2018,19:45:00,0,27.6,56
2/12/2018,20:00:00,0,29.6,53
2/12/2018,20:15:00,0,29,52
2/12/2018,20:30:00,0,28.5,54
2/12/2018,20:45:00,0,28.1,54
2/12/2018,21:00:00,0,27.9,55
2/12/2018,21:15:00,0,27.9,54
2/12/2018,21:30:00,0,27.7,54
2/12/2018,21:45:00,0,27.6,54
2/12/2018,22:00:00,0,27.7,55
2/12/2018,22:15:00,0,27.9,56
2/12/2018,22:30:00,0,27.5,56
2/12/2018,22:45:00,0,27.6,57
2/12/2018,23:00:00,0,27.7,57
2/12/2018,23:15:00,0,27.6,58
2/12/2018,23:30:00,0,27.3,59
2/12/2018,23:45:00,0,27.4,59
2/13/2018,0:00:00,0,27.4,59
2/13/2018,0:15:00,0,27,59
2/13/2018,0:30:00,0,27,59
2/13/2018,0:45:00,0,27.5,60
2/13/2018,1:00:00,0,27.4,60
2/13/2018,1:15:00,0,27.3,60
2/13/2018,1:30:00,0,27,61
2/13/2018,1:45:00,0,26.7,62
2/13/2018,2:00:00,0,26.5,63
2/13/2018,2:15:00,0,26.3,64
2/13/2018,2:30:00,0,26,64
2/13/2018,2:45:00,0,25.9,64
2/13/2018,3:00:00,0,25.7,65
2/13/2018,4:15:00,0,25.6,66
2/13/2018,4:30:00,0,25.7,67
2/13/2018,4:45:00,0,25.4,67
2/13/2018,5:00:00,0,25.2,67
2/13/2018,5:15:00,0,25.6,68
2/13/2018,5:30:00,0,25.4,68
2/13/2018,5:45:00,0,25.6,67
2/13/2018,6:00:00,0,24.8,67
2/13/2018,6:15:00,0,24.7,68
2/13/2018,6:30:00,0,25.7,68
2/13/2018,6:45:00,0,24.8,68
2/13/2018,7:00:00,0,25.8,68
2/13/2018,7:15:00,0,25.4,68
2/13/2018,7:30:00,0,25.8,68
2/13/2018,7:45:00,0,26,67
2/13/2018,8:00:00,0,26.3,67
2/13/2018,8:15:00,0,26.4,66
2/13/2018,8:30:00,0,27.1,65
2/13/2018,8:45:00,0,27.6,62
2/13/2018,9:00:00,0,27.3,60
2/13/2018,9:15:00,0,28.4,60
2/13/2018,9:30:00,0,28.1,59
2/13/2018,9:45:00,0,27.9,59
2/13/2018,10:00:00,0,28.7,59
2/13/2018,10:15:00,0,27.4,60
2/13/2018,10:30:00,0,27.6,65
2/13/2018,10:45:00,0,27,65
2/13/2018,11:00:00,0,27.6,65
2/13/2018,11:15:00,0,26.9,64
2/13/2018,11:30:00,0,26.9,62
2/13/2018,11:45:00,0,26.7,64
2/13/2018,12:00:00,0,26.2,64
2/13/2018,12:15:00,0,26.4,61
2/13/2018,12:30:00,0,26,61
2/13/2018,12:45:00,0,26.3,59
2/13/2018,13:00:00,0,26.9,61
2/13/2018,13:15:00,0,28,52
2/13/2018,13:30:00,0,28.2,48
2/13/2018,13:45:00,0,27.7,51
2/13/2018,14:00:00,0,27.5,51
2/13/2018,14:15:00,0,28.2,49
2/13/2018,14:30:00,0,27.4,52
2/13/2018,14:45:00,0,26.8,52
2/13/2018,15:00:00,0,27.4,50
2/13/2018,15:15:00,0,28.4,49
2/13/2018,15:30:00,0,27.6,48
2/13/2018,15:45:00,0,27.5,51
2/13/2018,16:00:00,0,27.7,50
2/13/2018,16:15:00,0,27.7,50
2/13/2018,16:30:00,0,27.4,52
2/13/2018,16:45:00,0,27.1,53
2/13/2018,17:00:00,0,26.9,54
2/13/2018,17:15:00,0,26.7,56
2/13/2018,17:30:00,0,26,58
2/13/2018,17:45:00,0,26.2,58
2/13/2018,18:00:00,0,25.7,59
2/13/2018,18:15:00,0,25.7,61
2/13/2018,18:30:00,0,24.5,65
2/13/2018,18:45:00,0,24.3,64
2/13/2018,19:00:00,0,25.2,65
2/13/2018,19:15:00,0,25.8,67
2/13/2018,19:30:00,0,24.7,65
2/13/2018,19:45:00,0,24.8,65
2/13/2018,20:00:00,0,24.9,64
2/13/2018,20:15:00,0,24.7,65
2/13/2018,20:30:00,0,24.1,66
2/13/2018,20:45:00,0,23.8,68
2/13/2018,21:00:00,0,24.2,68
2/13/2018,21:15:00,0,24.5,69
2/13/2018,21:30:00,0,24.2,72
2/13/2018,21:45:00,1,24.6,73
2/13/2018,22:00:00,2.2,24.6,74
2/13/2018,22:15:00,0.2,24.3,74
2/13/2018,22:30:00,0.2,24.6,74
2/13/2018,22:45:00,0.4,24.2,73
2/13/2018,23:00:00,0.2,24,73
2/13/2018,23:15:00,0.2,23.7,73
2/13/2018,23:30:00,0.2,23.8,72
2/13/2018,23:45:00,0.8,24.5,72
2/14/2018,0:00:00,0.2,23.6,72
2/14/2018,0:15:00,0,24.1,74
2/14/2018,0:30:00,0,24.6,74
2/14/2018,0:45:00,0,24.1,74
2/14/2018,1:00:00,0,24,75
2/14/2018,1:15:00,0,24.2,75
2/14/2018,1:30:00,0,24,75
2/14/2018,1:45:00,0,23.7,76
2/14/2018,2:00:00,0,23.5,75
2/14/2018,2:15:00,0,23.4,75
2/14/2018,2:30:00,0,22.7,75
2/14/2018,2:45:00,0,22.6,75
2/14/2018,3:00:00,0,22.9,75
2/14/2018,4:15:00,0,22.6,76
2/14/2018,4:30:00,0,22.5,75
2/14/2018,4:45:00,0,22.1,75
2/14/2018,5:00:00,0,22.4,76
2/14/2018,5:15:00,0,22.5,76
2/14/2018,5:30:00,0,22.3,76
2/14/2018,5:45:00,0,23.8,76
2/14/2018,6:00:00,0,23.7,76
2/14/2018,6:15:00,0.6,23.7,75
2/14/2018,6:30:00,4.6,23.5,74
2/14/2018,6:45:00,3,24,74
2/14/2018,7:00:00,0.2,23.6,74
2/14/2018,7:15:00,0.2,23.2,74
2/14/2018,7:30:00,0.2,23.1,74
2/14/2018,7:45:00,0.4,23.4,74
2/14/2018,8:00:00,0.2,23,74
2/14/2018,8:15:00,0.2,22.3,74
2/14/2018,8:30:00,0.4,22.6,75
2/14/2018,8:45:00,0.4,22.5,74
2/14/2018,9:00:00,0,22.6,75
2/14/2018,9:15:00,0,23,74
2/14/2018,9:30:00,0.2,23.5,74
2/14/2018,9:45:00,0,24.3,75
2/14/2018,10:00:00,0.2,23.4,74
2/14/2018,10:15:00,0,24.5,74
2/14/2018,10:30:00,0,24.6,74
2/14/2018,10:45:00,0,24.7,72
2/14/2018,11:00:00,0,28.2,56
2/14/2018,11:15:00,0,28.5,49
2/14/2018,11:30:00,0,29.1,47
2/14/2018,11:45:00,0,29.5,44
2/14/2018,12:00:00,0,28.2,50
2/14/2018,12:15:00,0,26.9,56
2/14/2018,12:30:00,0,26,57
2/14/2018,12:45:00,0,25.4,60
2/14/2018,13:00:00,0,25.6,60
2/14/2018,13:15:00,0,26,60
2/14/2018,13:30:00,0,26,57
2/14/2018,13:45:00,0,27.4,56
2/14/2018,14:00:00,0,27.3,55
2/14/2018,14:15:00,0,26.8,56
2/14/2018,14:30:00,0,27.6,56
2/14/2018,14:45:00,0,27.3,57
2/14/2018,15:00:00,0,26.5,62
2/14/2018,15:15:00,0,26.4,62
2/14/2018,15:30:00,0,26.4,59
2/14/2018,15:45:00,0,25.8,61
2/14/2018,16:00:00,0,25.4,62
2/14/2018,16:15:00,0,24.5,66
2/14/2018,16:30:00,0,24.2,68
2/14/2018,16:45:00,0,24.1,68
2/14/2018,17:00:00,0,25.3,67
2/14/2018,17:15:00,0,24.6,66
2/14/2018,17:30:00,0,24.8,67
2/14/2018,17:45:00,0,24.5,68
2/14/2018,18:00:00,0,24.5,69
2/14/2018,18:15:00,0,24.3,69
2/14/2018,18:30:00,0,24.3,69
2/14/2018,18:45:00,0.2,24.5,70
2/14/2018,19:00:00,0,23.6,72
2/14/2018,19:15:00,0,23.7,74
2/14/2018,19:30:00,0,23.8,75
2/14/2018,19:45:00,0,23.6,75
2/14/2018,20:00:00,0,23.7,75
2/14/2018,20:15:00,0,24.1,75
2/14/2018,20:30:00,0,23.6,75
2/14/2018,20:45:00,0,24,76
2/14/2018,21:00:00,0,24.1,76
2/14/2018,21:15:00,0,24.2,76
2/14/2018,21:30:00,0,24.1,76
2/14/2018,21:45:00,0,24.1,76
2/14/2018,22:00:00,0,24.2,76
2/14/2018,22:15:00,0.2,24.1,76
2/14/2018,22:30:00,0.6,24,77
2/14/2018,22:45:00,0.2,24.2,77
2/14/2018,23:00:00,2.6,23.8,77
2/14/2018,23:15:00,0.2,22.7,77
2/14/2018,23:30:00,0.2,22.6,77
2/14/2018,23:45:00,0.2,20.8,77
2/15/2018,0:00:00,0.2,20.1,77
2/15/2018,0:15:00,0,21.2,77
2/15/2018,0:30:00,7.8,19.9,77
2/15/2018,0:45:00,12.8,20.2,77
2/15/2018,1:00:00,20.4,21.3,77
2/15/2018,1:15:00,7.6,21.8,77
2/15/2018,1:30:00,0.6,21.4,74
2/15/2018,1:45:00,0,20.7,72
2/15/2018,2:00:00,0,21.8,70
2/15/2018,2:15:00,0,22.4,70
2/15/2018,2:30:00,0,21.2,72
2/15/2018,2:45:00,0.2,20.3,73
2/15/2018,3:00:00,0,20.4,74
2/15/2018,4:15:00,0,20.4,74
2/15/2018,4:30:00,0,20.8,74
2/15/2018,4:45:00,0,20.3,74
2/15/2018,5:00:00,0,20.2,74
2/15/2018,5:15:00,0,20.4,74
2/15/2018,5:30:00,0,20.5,74
2/15/2018,5:45:00,0,20.7,75
2/15/2018,6:00:00,0,20.8,75
2/15/2018,6:15:00,0,20.8,75
2/15/2018,6:30:00,0,20.7,75
2/15/2018,6:45:00,0,20.9,75
2/15/2018,7:00:00,0,20.9,75
2/15/2018,7:15:00,0,20.9,75
2/15/2018,7:30:00,0,21.2,75
2/15/2018,7:45:00,0,21.3,75
2/15/2018,8:00:00,0,21.6,75
2/15/2018,8:15:00,0,22.1,75
2/15/2018,8:30:00,0,21.9,75
2/15/2018,8:45:00,0,22.3,75
2/15/2018,9:00:00,0,23.5,75
2/15/2018,9:15:00,0,24.1,74
2/15/2018,9:30:00,0,24.5,71
2/15/2018,9:45:00,0,25.1,61
2/15/2018,10:00:00,0,25.7,61
2/15/2018,10:15:00,0,25.7,60
2/15/2018,10:30:00,0,25.4,59
2/15/2018,10:45:00,0,26.4,59
2/15/2018,11:00:00,0,26.5,57
2/15/2018,11:15:00,0,26.4,58
2/15/2018,11:30:00,0,26.7,57
2/15/2018,11:45:00,0,26.9,56
2/15/2018,12:00:00,0,27.4,54
2/15/2018,12:15:00,0,26.5,55
2/15/2018,12:30:00,0,27.1,54
2/15/2018,12:45:00,0,27.5,53
2/15/2018,13:00:00,0,27.4,59
2/15/2018,13:15:00,0,28.4,59
2/15/2018,13:30:00,0,27.6,55
2/15/2018,13:45:00,0,28,53
2/15/2018,14:00:00,0,27,59
2/15/2018,14:15:00,0,27.7,54
2/15/2018,14:30:00,0,27.4,55
2/15/2018,14:45:00,0,28.2,55
2/15/2018,15:00:00,0,27.6,56
2/15/2018,15:15:00,0,26.9,57
2/15/2018,15:30:00,0,27.4,53
2/15/2018,15:45:00,0,27.7,53
2/15/2018,16:00:00,0,26.8,55
2/15/2018,16:15:00,0,28.4,52
2/15/2018,16:30:00,0,27.4,52
2/15/2018,16:45:00,0,26.9,56
2/15/2018,17:00:00,0,27.1,55
2/15/2018,17:15:00,0,27.7,54
2/15/2018,17:30:00,0,26.8,54
2/15/2018,17:45:00,0,26.2,56
2/15/2018,18:00:00,0,26,56
2/15/2018,18:15:00,0,25.6,60
2/15/2018,18:30:00,0,25.3,62
2/15/2018,18:45:00,0,25.6,64
2/15/2018,19:00:00,0,24.9,66
2/15/2018,19:15:00,0,24.9,64
2/15/2018,19:30:00,0,24.8,64
2/15/2018,19:45:00,0,24.7,64
2/15/2018,20:00:00,0,24.5,64
2/15/2018,20:15:00,0,24.5,62
2/15/2018,20:30:00,0,24.3,63
2/15/2018,20:45:00,0,24.6,64
2/15/2018,21:00:00,0,24.5,64
2/15/2018,21:15:00,0,24.5,64
2/15/2018,21:30:00,0,24,65
2/15/2018,21:45:00,0,24.1,66
2/15/2018,22:00:00,0,24.6,67
2/15/2018,22:15:00,0,24.3,67
2/15/2018,22:30:00,0,24.3,67
2/15/2018,22:45:00,0,24.2,67
2/15/2018,23:00:00,0,24.2,67
2/15/2018,23:15:00,0,24.5,66
2/15/2018,23:30:00,0,24.6,67
2/15/2018,23:45:00,0,24.3,68
2/16/2018,0:00:00,0,24.3,68
2/16/2018,0:15:00,0,24.6,68
2/16/2018,0:30:00,0,24.6,67
2/16/2018,0:45:00,0,24.5,67
2/16/2018,1:00:00,0,24.3,67
2/16/2018,1:15:00,0,24.6,67
2/16/2018,1:30:00,0,24.7,66
2/16/2018,1:45:00,0,24.8,66
2/16/2018,2:00:00,0,24.6,67
2/16/2018,2:15:00,0,24.5,67
2/16/2018,2:30:00,0,24.3,68
2/16/2018,2:45:00,0,24.2,68
2/16/2018,3:00:00,0,24.3,69
2/16/2018,4:15:00,0,23.7,68
2/16/2018,4:30:00,0,23.6,69
2/16/2018,4:45:00,0,23.1,70
2/16/2018,5:00:00,0,23.2,71
2/16/2018,5:15:00,0,23.5,72
2/16/2018,5:30:00,0,23.5,72
2/16/2018,5:45:00,0,23.4,72
2/16/2018,6:00:00,0,23.5,73
2/16/2018,6:15:00,0,23.5,73
2/16/2018,6:30:00,0,23.4,73
2/16/2018,6:45:00,0,23.6,73
2/16/2018,7:00:00,0,23.4,73
2/16/2018,7:15:00,0,23.5,74
2/16/2018,7:30:00,0,24,74
2/16/2018,7:45:00,0,25.1,73
2/16/2018,8:00:00,0,25.4,73
2/16/2018,8:15:00,0,25.7,71
2/16/2018,8:30:00,0,25.9,68
2/16/2018,8:45:00,0,26.3,60
2/16/2018,9:00:00,0,25.8,61
2/16/2018,9:15:00,0,25.4,64
2/16/2018,9:30:00,0,27.3,57
2/16/2018,9:45:00,0,26.7,54
2/16/2018,10:00:00,0,26.8,57
2/16/2018,10:15:00,0,27.5,55
2/16/2018,10:30:00,0,27.1,57
2/16/2018,10:45:00,0,27.1,58
2/16/2018,11:00:00,0,27.9,56
2/16/2018,11:15:00,0,26.9,55
2/16/2018,11:30:00,0,28,54
2/16/2018,11:45:00,0,26.9,55
2/16/2018,12:00:00,0,26.7,56
2/16/2018,12:15:00,0,27.4,55
2/16/2018,12:30:00,0,27.6,55
2/16/2018,12:45:00,0,27,56
2/16/2018,13:00:00,0,26.8,55
2/16/2018,13:15:00,0,26.9,57
2/16/2018,13:30:00,0,27.1,58
2/16/2018,13:45:00,0,28.2,57
2/16/2018,14:00:00,0,26.4,56
2/16/2018,14:15:00,0,27.7,56
2/16/2018,14:30:00,0,27.7,56
2/16/2018,14:45:00,0,27.7,53
2/16/2018,15:00:00,0,28,51
2/16/2018,15:15:00,0,28,51
2/16/2018,15:30:00,0,26.9,55
2/16/2018,15:45:00,0,26.5,57
2/16/2018,16:00:00,0,26.2,59
2/16/2018,16:15:00,0,26.4,60
2/16/2018,16:30:00,0,25.7,59
2/16/2018,16:45:00,0,25.8,59
2/16/2018,17:00:00,0,26.3,59
2/16/2018,17:15:00,0,25.9,60
2/16/2018,17:30:00,0,25.9,61
2/16/2018,17:45:00,0,25.4,60
2/16/2018,18:00:00,0,25.6,62
2/16/2018,18:15:00,0,25.3,63
2/16/2018,18:30:00,0,25.3,63
2/16/2018,18:45:00,0,24.7,63
2/16/2018,19:00:00,0,25.2,63
2/16/2018,19:15:00,0,24.9,64
2/16/2018,19:30:00,0,24.9,64
2/16/2018,19:45:00,0,24.9,64
2/16/2018,20:00:00,0,24.7,65
2/16/2018,20:15:00,0,24.5,66
2/16/2018,20:30:00,0,23.8,67
2/16/2018,20:45:00,0,24,68
2/16/2018,21:00:00,0,23.6,68
2/16/2018,21:15:00,0,24.2,68
2/16/2018,21:30:00,0,24.3,68
2/16/2018,21:45:00,0,24.6,67
2/16/2018,22:00:00,0,24.2,68
2/16/2018,22:15:00,0,23.6,69
2/16/2018,22:30:00,8.8,23.6,70
2/16/2018,22:45:00,3,23.6,71
2/16/2018,23:00:00,0.4,23.4,71
2/16/2018,23:15:00,0.2,23.4,71
2/16/2018,23:30:00,0,23.5,72
2/16/2018,23:45:00,0,22.7,72
2/17/2018,0:00:00,0,22.7,72
2/17/2018,0:15:00,0,23.2,72
2/17/2018,0:30:00,0,23.8,73
2/17/2018,0:45:00,0,23.6,73
2/17/2018,1:00:00,0,23.2,73
2/17/2018,1:15:00,0,23.2,72
2/17/2018,1:30:00,0,23,73
2/17/2018,1:45:00,0,22.6,73
2/17/2018,2:00:00,0,22.5,73
2/17/2018,2:15:00,0,22.5,73
2/17/2018,2:30:00,0,22.5,73
2/17/2018,2:45:00,0,22.5,73
2/17/2018,3:00:00,0,22.6,74
2/17/2018,4:15:00,0,22.6,74
2/17/2018,4:30:00,0,22.6,74
2/17/2018,4:45:00,0,22.3,74
2/17/2018,5:00:00,0,22.1,74
2/17/2018,5:15:00,0,22.1,74
2/17/2018,5:30:00,0,22.1,74
2/17/2018,5:45:00,0,22.3,75
2/17/2018,6:00:00,0,22.4,74
2/17/2018,6:15:00,0,22.1,74
2/17/2018,6:30:00,0,21.9,74
2/17/2018,6:45:00,0,21.9,74
2/17/2018,7:00:00,0,22,75
2/17/2018,7:15:00,0,22.6,75
2/17/2018,7:30:00,0,23.2,74
2/17/2018,7:45:00,0,23,74
2/17/2018,8:00:00,0,22.9,74
2/17/2018,8:15:00,0,24.5,74
2/17/2018,8:30:00,0,24.1,74
2/17/2018,8:45:00,0,25.2,72
2/17/2018,9:00:00,0,26.2,70
2/17/2018,9:15:00,0,26.2,62
2/17/2018,9:30:00,0,26.8,58
2/17/2018,9:45:00,0,26.3,60
2/17/2018,10:00:00,0,27,57
2/17/2018,10:15:00,0,26.3,58
2/17/2018,10:30:00,0,26.9,57
2/17/2018,10:45:00,0,27,58
2/17/2018,11:00:00,0,27.4,56
2/17/2018,11:15:00,0,28,54
2/17/2018,11:30:00,0,28.5,54
2/17/2018,11:45:00,0,28.1,56
2/17/2018,12:00:00,0,28.1,55
2/17/2018,12:15:00,0,28.2,54
2/17/2018,12:30:00,0,27.9,55
2/17/2018,12:45:00,0,28.1,55
2/17/2018,13:00:00,0,27.9,54
2/17/2018,13:15:00,0,28.6,53
2/17/2018,13:30:00,0,28.4,52
2/17/2018,13:45:00,0,28,52
2/17/2018,14:00:00,0,29.5,51
2/17/2018,14:15:00,0,28.2,50
2/17/2018,14:30:00,0,28,48
2/17/2018,14:45:00,0,28.6,46
2/17/2018,15:00:00,0,28.4,47
2/17/2018,15:15:00,0,28.6,48
2/17/2018,15:30:00,0,28.4,46
2/17/2018,15:45:00,0,28.6,46
2/17/2018,16:00:00,0,29.1,48
2/17/2018,16:15:00,0,28.5,48
2/17/2018,16:30:00,0,28.7,49
2/17/2018,16:45:00,0,28.8,48
2/17/2018,17:00:00,0,27.6,51
2/17/2018,17:15:00,0,27.1,53
2/17/2018,17:30:00,0,26.8,55
2/17/2018,17:45:00,0,26.8,56
2/17/2018,18:00:00,0,26.2,57
2/17/2018,18:15:00,0,26,58
2/17/2018,18:30:00,0,26.9,58
2/17/2018,18:45:00,0,26.7,58
2/17/2018,19:00:00,0,25.7,56
2/17/2018,19:15:00,0,25.8,58
2/17/2018,19:30:00,0,25.4,57
2/17/2018,19:45:00,0,25.7,57
2/17/2018,20:00:00,0,25.6,57
2/17/2018,20:15:00,0,25.7,58
2/17/2018,20:30:00,0,25.6,59
2/17/2018,20:45:00,0,25.6,60
2/17/2018,21:00:00,0,25.6,60
2/17/2018,21:15:00,0,25.3,60
2/17/2018,21:30:00,0,25.4,60
2/17/2018,21:45:00,0,25.6,60
2/17/2018,22:00:00,0,25.1,59
2/17/2018,22:15:00,0,25.2,60
2/17/2018,22:30:00,0,25.3,60
2/17/2018,22:45:00,0,24.8,61
2/17/2018,23:00:00,0,24.5,63
2/17/2018,23:15:00,0,24.2,64
2/17/2018,23:30:00,0,24.6,63
2/17/2018,23:45:00,0,24.9,62
2/17/2018,23:00:00,0,24.7,63
2/17/2018,23:15:00,0,25.1,62
2/17/2018,23:30:00,0,25.4,62
2/17/2018,23:45:00,0,25.1,63
2/18/2018,0:00:00,0,24.6,65
2/18/2018,0:15:00,0,24.3,67
2/18/2018,0:30:00,0,24.1,68
2/18/2018,0:45:00,0,23.6,69
2/18/2018,1:00:00,0,23,69
2/18/2018,1:15:00,0,24.2,69
2/18/2018,1:30:00,0,23.4,70
2/18/2018,1:45:00,0,23.4,70
2/18/2018,2:00:00,0,23.4,69
2/18/2018,2:15:00,0,23.2,70
2/18/2018,2:30:00,0,23.4,70
2/18/2018,2:45:00,0,23.1,70
2/18/2018,3:00:00,0,23.2,70
2/18/2018,3:15:00,0,23.1,70
2/18/2018,3:30:00,0,23.4,70
2/18/2018,3:45:00,0,23.1,70
2/18/2018,4:00:00,0,23.2,69
2/18/2018,4:15:00,0,23.2,69
2/18/2018,4:30:00,0,23.2,69
2/18/2018,4:45:00,0,22.9,70
2/18/2018,5:00:00,0,23.1,70
2/18/2018,5:15:00,0,23,70
2/18/2018,5:30:00,0,23.1,70
2/18/2018,5:45:00,0,23,71
2/18/2018,6:00:00,0,22.9,71
2/18/2018,6:15:00,0,23.1,71
2/18/2018,6:30:00,0,23.8,71
2/18/2018,6:45:00,0,24.6,71
2/18/2018,7:00:00,0,25.1,69
2/18/2018,7:15:00,0,25.9,65
2/18/2018,7:30:00,0,27.5,54
2/18/2018,7:45:00,0,28,49
2/18/2018,8:00:00,0,27.6,50
2/18/2018,8:15:00,0,27.4,49
2/18/2018,8:30:00,0,29.1,45
2/18/2018,8:45:00,0,29,44
2/18/2018,9:00:00,0,29.3,39
2/18/2018,9:15:00,0,30.6,39
2/18/2018,9:30:00,0,30.9,36
2/18/2018,9:45:00,0,31.3,36
2/18/2018,10:00:00,0,32.4,35
2/18/2018,10:15:00,0,31.2,37
2/18/2018,10:30:00,0,31.7,35
2/18/2018,10:45:00,0,28.8,46
2/18/2018,11:00:00,0,28.7,48
2/18/2018,11:15:00,0,28.2,51
2/18/2018,11:30:00,0,27.7,53
2/18/2018,11:45:00,0,28.2,54
2/18/2018,12:00:00,0,27.9,54
2/18/2018,12:15:00,0,28,54
2/18/2018,12:30:00,0,27.7,54
2/18/2018,12:45:00,0.4,27.3,54
2/18/2018,13:00:00,0,27.5,54
2/18/2018,13:15:00,0,27.3,54
2/18/2018,13:30:00,0,27.4,54
2/18/2018,13:45:00,0,27.6,55
2/18/2018,14:00:00,0,27.6,54
2/18/2018,14:15:00,0,27.7,52
2/18/2018,14:30:00,0,27.4,53
2/18/2018,14:45:00,0,28,50
2/18/2018,15:00:00,0,28,50
2/18/2018,15:15:00,0,27.3,54
2/18/2018,15:30:00,0,27,55
2/18/2018,15:45:00,0,26.7,55
2/18/2018,16:00:00,0,27,54
2/18/2018,16:15:00,0,27,53
2/18/2018,16:30:00,0,26.9,54
2/18/2018,16:45:00,0,26.2,55
2/18/2018,17:00:00,0,26.5,54
2/18/2018,17:15:00,0,26.5,56
2/18/2018,17:30:00,0,26.2,56
2/18/2018,17:45:00,0,25.7,58
2/18/2018,18:00:00,0,25.8,57
2/18/2018,18:15:00,0,25.7,59
2/18/2018,18:30:00,0,25.3,61
2/18/2018,18:45:00,0,25.2,62
2/18/2018,19:00:00,0,24.9,62
2/18/2018,19:15:00,0,24.7,62
2/18/2018,19:30:00,0,24.8,63
2/18/2018,19:45:00,0,24.7,61
2/18/2018,20:00:00,0,24.2,61
2/18/2018,20:15:00,0,24,62
2/18/2018,20:30:00,0,23.7,63
2/18/2018,20:45:00,0,23.8,65
2/18/2018,21:00:00,0,23.6,65
2/18/2018,21:15:00,0,23.8,65
2/18/2018,21:30:00,0,23.5,65
2/18/2018,21:45:00,0,23.5,66
2/18/2018,22:00:00,0,23.7,66
2/18/2018,22:15:00,0,23.5,66
2/18/2018,22:30:00,0,23.4,67
2/18/2018,22:45:00,0,23.5,66
2/18/2018,23:00:00,0,23.2,67
2/18/2018,23:15:00,0,23.7,67
2/18/2018,23:30:00,0,24,67
2/18/2018,23:45:00,0,23.5,67
2/19/2018,0:00:00,0,23.1,67
2/19/2018,0:15:00,0,22.9,67
2/19/2018,0:30:00,0,23.1,67
2/19/2018,0:45:00,0,22.9,67
2/19/2018,1:00:00,0,22.7,68
2/19/2018,1:15:00,0,22.9,67
2/19/2018,1:30:00,0,22.9,67
2/19/2018,1:45:00,0,22.9,66
2/19/2018,2:00:00,0,22.7,65
2/19/2018,2:15:00,0,22.9,64
2/19/2018,2:30:00,0,22.7,64
2/19/2018,2:45:00,0,23,63
2/19/2018,3:00:00,0,22.5,63
2/19/2018,3:15:00,0,22.7,63
2/19/2018,3:30:00,0,22.7,61
2/19/2018,3:45:00,0,22.6,62
2/19/2018,4:00:00,0,22.1,63
2/19/2018,4:15:00,0,22,64
2/19/2018,4:30:00,0,22.3,65
2/19/2018,4:45:00,0,21.9,65
2/19/2018,5:00:00,0,22.3,66
2/19/2018,5:15:00,0,21.6,67
2/19/2018,5:30:00,0,22.3,67
2/19/2018,5:45:00,0,21.6,68
2/19/2018,6:00:00,0,22,69
2/19/2018,6:15:00,0,22.3,70
2/19/2018,6:30:00,0,22.6,70
2/19/2018,6:45:00,0,23.5,69
2/19/2018,7:00:00,0,24.5,66
2/19/2018,7:15:00,0,26.4,56
2/19/2018,7:30:00,0,26.8,50
2/19/2018,7:45:00,0,27.4,51
2/19/2018,8:00:00,0,28.4,45
2/19/2018,8:15:00,0,29.3,42
2/19/2018,8:30:00,0,29.5,44
2/19/2018,8:45:00,0,30.7,41
2/19/2018,9:00:00,0,30.1,41
2/19/2018,9:15:00,0,30.2,40
2/19/2018,9:30:00,0,30.7,38
2/19/2018,9:45:00,0,29,42
2/19/2018,10:00:00,0,30.9,37
2/19/2018,10:15:00,0,31.2,43
2/19/2018,10:30:00,0,29,48
2/19/2018,10:45:00,0,28.8,47
2/19/2018,11:00:00,0,29.5,45
2/19/2018,11:15:00,0,29.2,44
2/19/2018,11:30:00,0,29,47
2/19/2018,11:45:00,0,29.9,48
2/19/2018,12:00:00,0,29.6,46
2/19/2018,12:15:00,0,31.2,47
2/19/2018,12:30:00,0,29.9,45
2/19/2018,12:45:00,0,29.9,47
2/19/2018,13:00:00,0,29.7,46
2/19/2018,13:15:00,0,29.6,45
2/19/2018,13:30:00,0,30.9,42
2/19/2018,13:45:00,0,30.4,42
2/19/2018,14:00:00,0,30.3,41
2/19/2018,14:15:00,0,32.5,40
2/19/2018,14:30:00,0,30.1,44
2/19/2018,14:45:00,0,30.9,43
2/19/2018,15:00:00,0,30.4,42
2/19/2018,15:15:00,0,29.1,49
2/19/2018,15:30:00,0,29.1,49
2/19/2018,15:45:00,0,28,50
2/19/2018,16:00:00,0,28.5,49
2/19/2018,16:15:00,0,28.5,49
2/19/2018,16:30:00,0,28.1,49
2/19/2018,16:45:00,0,28.5,49
2/19/2018,17:00:00,0,27.9,50
2/19/2018,17:15:00,0,27.6,49
2/19/2018,17:30:00,0,28,50
2/19/2018,17:45:00,0,26.5,54
2/19/2018,18:00:00,0,27,58
2/19/2018,18:15:00,0,26.7,60
2/19/2018,18:30:00,0,26.2,60
2/19/2018,18:45:00,0,25.9,60
2/19/2018,19:00:00,0,25.3,63
2/19/2018,19:15:00,0,25.1,64
2/19/2018,19:30:00,0,24.9,64
2/19/2018,19:45:00,0,24.9,65
2/19/2018,20:00:00,0,24.8,66
2/19/2018,20:15:00,0,24.8,67
2/19/2018,20:30:00,0,24.7,67
2/19/2018,20:45:00,0,25.1,67
2/19/2018,21:00:00,0,24.7,68
2/19/2018,21:15:00,0,24.8,68
2/19/2018,21:30:00,0,24.9,68
2/19/2018,21:45:00,0,24.9,68
2/19/2018,22:00:00,0,24.3,68
2/19/2018,22:15:00,0,24.9,68
2/19/2018,22:30:00,0,24.6,68
2/19/2018,22:45:00,0,24.9,68
2/19/2018,23:00:00,0,24.8,68
2/19/2018,23:15:00,0,24.6,67
2/19/2018,23:30:00,0,24.7,67
2/19/2018,23:45:00,0,24.8,67
2/20/2018,0:00:00,0,24.6,66
2/20/2018,0:15:00,0,24.5,66
2/20/2018,0:30:00,0,24.3,65
2/20/2018,0:45:00,0,24.5,64
2/20/2018,1:00:00,0,24.2,63
2/20/2018,1:15:00,0,24.7,62
2/20/2018,1:30:00,0,24.7,60
2/20/2018,1:45:00,0,24.9,59
2/20/2018,2:00:00,0,24.9,59
2/20/2018,2:15:00,0,25.1,59
2/20/2018,2:30:00,0,25.2,58
2/20/2018,2:45:00,0,24.9,59
2/20/2018,3:00:00,0,24.8,58
2/20/2018,3:15:00,0,24.6,58
2/20/2018,3:30:00,0,24.8,60
2/20/2018,3:45:00,0,25.2,59
2/20/2018,4:00:00,0,25.2,59
2/20/2018,4:15:00,0,24.9,60
2/20/2018,4:30:00,0,24.7,60
2/20/2018,4:45:00,0,24.9,59
2/20/2018,5:00:00,0,24.9,58
2/20/2018,5:15:00,0,25.2,56
2/20/2018,5:30:00,0,25.1,57
2/20/2018,5:45:00,0,25.1,58
2/20/2018,6:00:00,0,24.9,58
2/20/2018,6:15:00,0,25.3,56
2/20/2018,6:30:00,0,25.7,55
2/20/2018,6:45:00,0,25.8,56
2/20/2018,7:00:00,0,25.9,56
2/20/2018,7:15:00,0,26.3,56
2/20/2018,7:30:00,0,26.2,55
2/20/2018,7:45:00,0,27,54
2/20/2018,8:00:00,0,27.6,52
2/20/2018,8:15:00,0,27.6,49
2/20/2018,8:30:00,0,27.9,48
2/20/2018,8:45:00,0,28.4,48
2/20/2018,9:00:00,0,29.1,43
2/20/2018,9:15:00,0,29.9,42
2/20/2018,9:30:00,0,30.3,40
2/20/2018,9:45:00,0,31.3,36
2/20/2018,10:00:00,0,32.4,35
2/20/2018,10:15:00,0,33.7,31
2/20/2018,10:30:00,0,33.7,31
2/20/2018,10:45:00,0,33.2,32
2/20/2018,11:00:00,0,33.6,29
2/20/2018,11:15:00,0,34.6,29
2/20/2018,11:30:00,0,35.7,24
2/20/2018,11:45:00,0,35.4,22
2/20/2018,12:00:00,0,36.4,25
2/20/2018,12:15:00,0,37.8,23
2/20/2018,12:30:00,0,37.8,18
2/20/2018,12:45:00,0,32.4,39
2/20/2018,13:00:00,0,32.1,43
2/20/2018,13:15:00,0,32.5,41
2/20/2018,13:30:00,0,31.3,46
2/20/2018,13:45:00,0,31.2,47
2/20/2018,14:00:00,0,31.4,45
2/20/2018,14:15:00,0,33,41
2/20/2018,14:30:00,0,31.4,47
2/20/2018,14:45:00,0,32.5,41
2/20/2018,15:00:00,0,33,35
2/20/2018,15:15:00,0,32,38
2/20/2018,15:30:00,0,31.4,38
2/20/2018,15:45:00,0,30.6,41
2/20/2018,16:00:00,0,30.7,45
2/20/2018,16:15:00,0,30.8,46
2/20/2018,16:30:00,0,32.3,39
2/20/2018,16:45:00,0,32.3,38
2/20/2018,17:00:00,0,30.6,41
2/20/2018,17:15:00,0,29.8,43
2/20/2018,17:30:00,0,29.2,46
2/20/2018,17:45:00,0,29.6,44
2/20/2018,18:00:00,0,29.7,44
2/20/2018,18:15:00,0,29.1,45
2/20/2018,18:30:00,0,28.6,45
2/20/2018,18:45:00,0,29.1,46
2/20/2018,19:00:00,0,28,47
2/20/2018,19:15:00,0,28,48
2/20/2018,19:30:00,0,29.2,43
2/20/2018,19:45:00,0,29.2,48
2/20/2018,20:00:00,0,28.4,50
2/20/2018,20:15:00,0,28,51
2/20/2018,20:30:00,0,27.5,52
2/20/2018,20:45:00,0,27.3,54
2/20/2018,21:00:00,0,26.7,55
2/20/2018,21:15:00,0,26.8,57
2/20/2018,21:30:00,0,26.9,58
2/20/2018,21:45:00,0,26.9,58
2/20/2018,22:00:00,0,26.7,57
2/20/2018,22:15:00,0,27.1,55
2/20/2018,22:30:00,0,27,55
2/20/2018,22:45:00,0,27,56
2/20/2018,23:00:00,0,26.8,56
2/20/2018,23:15:00,0,26.8,56
2/20/2018,23:30:00,0,26.9,56
2/20/2018,23:45:00,0,26.8,57
2/21/2018,0:00:00,0,27,57
2/21/2018,0:15:00,0,26.9,56
2/21/2018,0:30:00,0,26.8,55
2/21/2018,0:45:00,0,26.8,56
2/21/2018,1:00:00,0,26.7,57
2/21/2018,1:15:00,0,26.7,56
2/21/2018,1:30:00,0,26.7,56
2/21/2018,1:45:00,0,26.8,54
2/21/2018,2:00:00,0,27.4,50
2/21/2018,2:15:00,0,27.5,49
2/21/2018,2:30:00,0,27.6,47
2/21/2018,2:45:00,0,28,45
2/21/2018,3:00:00,0,27.6,46
2/21/2018,3:15:00,0,27.5,47
2/21/2018,3:30:00,0,27.4,47
2/21/2018,3:45:00,0,27.3,47
2/21/2018,4:00:00,0,27.1,47
2/21/2018,4:15:00,0,27.4,47
2/21/2018,4:30:00,0,27.6,47
2/21/2018,4:45:00,0,27,47
2/21/2018,5:00:00,0,27.5,48
2/21/2018,5:15:00,0,27.3,48
2/21/2018,5:30:00,0,27,49
2/21/2018,5:45:00,0,27,50
2/21/2018,6:00:00,0,27,50
2/21/2018,6:15:00,0,27.1,49
2/21/2018,6:30:00,0,27.3,49
2/21/2018,6:45:00,0,27.5,47
2/21/2018,7:00:00,0,27.9,47
2/21/2018,7:15:00,0,27.7,48
2/21/2018,7:30:00,0,27,47
2/21/2018,7:45:00,0,28.8,45
2/21/2018,8:00:00,0,28.8,45
2/21/2018,8:15:00,0,29.5,44
2/21/2018,8:30:00,0,29.2,44
2/21/2018,8:45:00,0,30.4,40
2/21/2018,9:00:00,0,32.4,35
2/21/2018,9:15:00,0,31.8,34
2/21/2018,9:30:00,0,32.1,34
2/21/2018,9:45:00,0,32.6,34
2/21/2018,10:00:00,0,35.6,28
2/21/2018,10:15:00,0,36,28
2/21/2018,10:30:00,0,35.1,27
2/21/2018,10:45:00,0,35.7,26
2/21/2018,11:00:00,0,36.4,27
2/21/2018,11:15:00,0,35.7,27
2/21/2018,11:30:00,0,35.4,26
2/21/2018,11:45:00,0,33.7,40
2/21/2018,12:00:00,0,32.1,46
2/21/2018,12:15:00,0,31.9,48
2/21/2018,12:30:00,0,31.7,44
2/21/2018,12:45:00,0,31.9,45
2/21/2018,13:00:00,0,31.5,46
2/21/2018,13:15:00,0,31.9,45
2/21/2018,13:30:00,0,32.9,47
2/21/2018,13:45:00,0,30.8,48
2/21/2018,14:00:00,0,30.1,51
2/21/2018,14:15:00,0,29.2,55
2/21/2018,14:30:00,0,29.2,57
2/21/2018,14:45:00,0,29,57
2/21/2018,15:00:00,0,29,54
2/21/2018,15:15:00,0.2,28,61
2/21/2018,15:30:00,0,28.2,57
2/21/2018,15:45:00,0,29.6,46
2/21/2018,16:00:00,0,28.8,51
2/21/2018,16:15:00,0,28.8,56
2/21/2018,16:30:00,0,28.5,54
2/21/2018,16:45:00,0,28.6,55
2/21/2018,17:00:00,0,28.7,59
2/21/2018,17:15:00,0,28.6,60
2/21/2018,17:30:00,0,28.6,60
2/21/2018,17:45:00,0,28.1,55
2/21/2018,18:00:00,0,27.3,50
2/21/2018,18:15:00,0,27.1,52
2/21/2018,18:30:00,0,27.7,52
2/21/2018,18:45:00,0,27.9,54
2/21/2018,19:00:00,0,27.4,55
2/21/2018,19:15:00,0,28.2,54
2/21/2018,19:30:00,0,28.4,56
2/21/2018,19:45:00,0,26,67
2/21/2018,20:00:00,0,24.9,72
2/21/2018,20:15:00,0,24.6,74
2/21/2018,20:30:00,0,24.1,74
2/21/2018,20:45:00,0,24.2,74
2/21/2018,21:00:00,0,24.5,74
2/21/2018,21:15:00,0,24.6,75
2/21/2018,21:30:00,1.4,24.2,75
2/21/2018,21:45:00,12.4,24.5,75
2/21/2018,22:00:00,14.6,23.6,75
2/21/2018,22:15:00,6.8,23.8,74
2/21/2018,22:30:00,3.4,23.8,74
2/21/2018,22:45:00,3.8,23.7,74
2/21/2018,23:00:00,3.6,23.5,75
2/21/2018,23:15:00,2.4,23.6,75
2/21/2018,23:30:00,0.4,23.4,74
2/21/2018,23:45:00,0,23.6,75
2/22/2018,0:00:00,0,23,75
2/22/2018,0:15:00,0,23.2,75
2/22/2018,0:30:00,0,23.5,75
2/22/2018,0:45:00,0,23.4,75
2/22/2018,1:00:00,1.8,23.4,75
2/22/2018,1:15:00,1.8,23.4,75
2/22/2018,1:30:00,8,23.4,75
2/22/2018,1:45:00,5.6,23.5,75
2/22/2018,2:00:00,1.6,23.7,75
2/22/2018,2:15:00,1,23.2,75
2/22/2018,2:30:00,0.6,23.5,75
2/22/2018,2:45:00,0,23.4,75
2/22/2018,3:00:00,0.2,23.4,75
2/22/2018,3:15:00,0,23.6,75
2/22/2018,3:30:00,0,23.6,75
2/22/2018,3:45:00,0,23.5,76
2/22/2018,4:00:00,0,23.5,75
2/22/2018,4:15:00,0,23.4,75
2/22/2018,4:30:00,0,23.1,75
2/22/2018,4:45:00,0,23.1,75
2/22/2018,5:00:00,0,23.2,75
2/22/2018,5:15:00,0,23.2,75
2/22/2018,5:30:00,0,23.5,75
2/22/2018,5:45:00,0,23.2,75
2/22/2018,6:00:00,0,23.1,75
2/22/2018,6:15:00,0,23.4,75
2/22/2018,6:30:00,0,23.5,75
2/22/2018,6:45:00,0,23.5,75
2/22/2018,7:00:00,0,24,75
2/22/2018,7:15:00,0,24.1,75
2/22/2018,7:30:00,0,24.5,75
2/22/2018,7:45:00,0,24.7,75
2/22/2018,8:00:00,0,25.3,75
2/22/2018,8:15:00,0,25.8,74
2/22/2018,8:30:00,0,25.7,73
2/22/2018,8:45:00,0,26.4,69
2/22/2018,9:00:00,0,28.8,54
2/22/2018,9:15:00,0,29.2,50
2/22/2018,9:30:00,0,29.6,48
2/22/2018,9:45:00,0,30.6,47
2/22/2018,10:00:00,0,31.4,45
2/22/2018,10:15:00,0,30.6,46
2/22/2018,10:30:00,0,32.4,40
2/22/2018,10:45:00,0,33.1,39
2/22/2018,11:00:00,0,31.4,46
2/22/2018,11:15:00,0,28.8,52
2/22/2018,11:30:00,0,29.5,52
2/22/2018,11:45:00,0,28.8,52
2/22/2018,12:00:00,0,29.2,50
2/22/2018,12:15:00,0,29.8,49
2/22/2018,12:30:00,0,28.8,53
2/22/2018,12:45:00,0,29.3,53
2/22/2018,13:00:00,0,29.5,52
2/22/2018,13:15:00,0,28.7,52
2/22/2018,13:30:00,0,28.2,54
2/22/2018,13:45:00,0,29.6,53
2/22/2018,14:00:00,0,28.7,56
2/22/2018,14:15:00,0,29,56
2/22/2018,14:30:00,0,27.4,56
2/22/2018,14:45:00,0,28,56
2/22/2018,15:00:00,0,27.7,55
2/22/2018,15:15:00,0,27.5,56
2/22/2018,15:30:00,0,27.6,58
2/22/2018,15:45:00,0,27.3,57
2/22/2018,16:00:00,0,27.3,57
2/22/2018,16:15:00,0,26.9,58
2/22/2018,16:30:00,0,27,58
2/22/2018,16:45:00,0,27.5,58
2/22/2018,17:00:00,0,26.4,60
2/22/2018,17:15:00,0,27.3,59
2/22/2018,17:30:00,0,26.9,59
2/22/2018,17:45:00,0,26.5,60
2/22/2018,18:00:00,0,26.5,60
2/22/2018,18:15:00,0,26.4,62
2/22/2018,18:30:00,0,26.5,62
2/22/2018,18:45:00,0,25.6,67
2/22/2018,19:00:00,0,25.1,71
2/22/2018,19:15:00,0,25.1,72
2/22/2018,19:30:00,0,24.7,72
2/22/2018,19:45:00,0,24.8,73
2/22/2018,20:00:00,0,24.8,73
2/22/2018,20:15:00,0,24.9,73
2/22/2018,20:30:00,0,24.9,73
2/22/2018,20:45:00,0,24.8,73
2/22/2018,21:00:00,0,25.2,73
2/22/2018,21:15:00,0,24.8,72
2/22/2018,21:30:00,0,24.3,72
2/22/2018,21:45:00,0,24.9,73
2/22/2018,22:00:00,0,24.7,72
2/22/2018,22:15:00,0,24.1,73
2/22/2018,22:30:00,0,24.5,72
2/22/2018,22:45:00,0,24.3,72
2/22/2018,23:00:00,0,24.3,73
2/22/2018,23:15:00,0,24.3,73
2/22/2018,23:30:00,0,24.3,73
2/22/2018,23:45:00,0,24.3,73
2/23/2018,0:00:00,0,24.5,73
2/23/2018,0:15:00,0,24.7,73
2/23/2018,0:30:00,0,24.7,74
2/23/2018,0:45:00,0,24.7,74
2/23/2018,1:00:00,0,24.5,74
2/23/2018,1:15:00,0,24.5,74
2/23/2018,1:30:00,0,24.3,74
2/23/2018,1:45:00,0,24.5,74
2/23/2018,2:00:00,0,24.1,74
2/23/2018,2:15:00,0,23.7,74
2/23/2018,2:30:00,0,24.3,74
2/23/2018,2:45:00,0,24.7,74
2/23/2018,3:00:00,0,24.5,75
2/23/2018,3:15:00,0,23.6,73
2/23/2018,3:30:00,0,23.4,73
2/23/2018,3:45:00,0,23.6,73
2/23/2018,4:00:00,0,24.1,73
2/23/2018,4:15:00,0,24.1,72
2/23/2018,4:30:00,2.4,24.3,71
2/23/2018,4:45:00,10.2,24.3,71
2/23/2018,5:00:00,7.6,23.7,69
2/23/2018,5:15:00,4.8,24.6,64
2/23/2018,5:30:00,0.8,24.5,66
2/23/2018,5:45:00,0.2,24.2,68
2/23/2018,6:00:00,0,24.2,69
2/23/2018,6:15:00,0,24.1,69
2/23/2018,6:30:00,0,23.5,70
2/23/2018,6:45:00,0,23.6,70
2/23/2018,7:00:00,0,23.7,71
2/23/2018,7:15:00,0,23.7,72
2/23/2018,7:30:00,0,24.5,71
2/23/2018,7:45:00,0,24.3,69
2/23/2018,8:00:00,0,25.1,67
2/23/2018,8:15:00,0,25.1,65
2/23/2018,8:30:00,0,25.4,64
2/23/2018,8:45:00,0,25.3,64
2/23/2018,9:00:00,0,25.6,64
2/23/2018,9:15:00,0,25.9,63
2/23/2018,9:30:00,0,25.3,64
2/23/2018,9:45:00,0,25.6,65
2/23/2018,10:00:00,0,26.3,62
2/23/2018,10:15:00,0,23.1,64
2/23/2018,10:30:00,0,23.1,68
2/23/2018,10:45:00,0,22.6,69
2/23/2018,11:00:00,0,23,70
2/23/2018,11:15:00,0,24,69
2/23/2018,11:30:00,0,24.3,71
2/23/2018,11:45:00,6.2,24.5,71
2/23/2018,12:00:00,6.4,24.7,71
2/23/2018,12:15:00,0.6,24.1,71
2/23/2018,12:30:00,3,24.3,71
2/23/2018,12:45:00,1.2,24.8,69
2/23/2018,13:00:00,1.4,25.6,67
2/23/2018,13:15:00,0,25.9,63
2/23/2018,13:30:00,0,26.5,61
2/23/2018,13:45:00,0,25.3,62
2/23/2018,14:00:00,0,24.6,65
2/23/2018,14:15:00,0.2,25.2,61
2/23/2018,14:30:00,0,26,55
2/23/2018,14:45:00,0.4,25.8,56
2/23/2018,15:00:00,0,26.4,57
2/23/2018,15:15:00,0,26.3,55
2/23/2018,15:30:00,0,25.9,56
2/23/2018,15:45:00,0,26.5,58
2/23/2018,16:00:00,0,26.3,56
2/23/2018,16:15:00,0,26.5,57
2/23/2018,16:30:00,0,26.3,57
2/23/2018,16:45:00,0,26.5,54
2/23/2018,17:00:00,0,26.3,55
2/23/2018,17:15:00,0,26.3,53
2/23/2018,17:30:00,0,26,54
2/23/2018,17:45:00,0,26.3,55
2/23/2018,18:00:00,0,25.1,54
2/23/2018,18:15:00,0,25.4,55
2/23/2018,18:30:00,0.2,25.8,56
2/23/2018,18:45:00,0,25.6,56
2/23/2018,19:00:00,0,25.4,57
2/23/2018,19:15:00,0,25.4,58
2/23/2018,19:30:00,0,25.9,56
2/23/2018,19:45:00,0,25.7,57
2/23/2018,20:00:00,0,25.8,56
2/23/2018,20:15:00,0,25.8,54
2/23/2018,20:30:00,0,25.3,55
2/23/2018,20:45:00,0,25.8,54
2/23/2018,21:00:00,0,25.7,54
2/23/2018,21:15:00,0,25.2,54
2/23/2018,21:30:00,0,25.3,58
2/23/2018,21:45:00,0,24.6,60
2/23/2018,22:00:00,0,24.3,62
2/23/2018,22:15:00,0,23.8,64
2/23/2018,22:30:00,0,23.4,66
2/23/2018,22:45:00,0,23.5,67
2/23/2018,23:00:00,0,23.2,67
2/23/2018,23:15:00,0,22.5,69
2/23/2018,23:30:00,0,23.2,69
2/23/2018,23:45:00,0,23,70
2/24/2018,0:00:00,0,22.6,71
2/24/2018,0:15:00,0,22.5,71
2/24/2018,0:30:00,0,22.5,72
2/24/2018,0:45:00,0,22.6,72
2/24/2018,1:00:00,0,22.5,72
2/24/2018,1:15:00,0,23,72
2/24/2018,1:30:00,0,23,73
2/24/2018,1:45:00,0,22.7,72
2/24/2018,2:00:00,0,23.2,72
2/24/2018,2:15:00,0,22.9,72
2/24/2018,2:30:00,0,23.2,70
2/24/2018,2:45:00,0,23.5,70
2/24/2018,3:00:00,0,23.2,71
2/24/2018,3:15:00,0,23,71
2/24/2018,3:30:00,0,22.6,71
2/24/2018,3:45:00,0,22.5,72
2/24/2018,4:00:00,0,22.7,72
2/24/2018,4:15:00,0,22.5,72
2/24/2018,4:30:00,0,22.5,72
2/24/2018,4:45:00,0,22.4,73
2/24/2018,5:00:00,0,22.5,73
2/24/2018,5:15:00,0,22.4,73
2/24/2018,5:30:00,0,22.3,73
2/24/2018,5:45:00,0,22,73
2/24/2018,6:00:00,0,22.1,73
2/24/2018,6:15:00,0,22.5,73
2/24/2018,6:30:00,0,22,73
2/24/2018,6:45:00,0,22.1,73
2/24/2018,7:00:00,0,22.5,73
2/24/2018,7:15:00,0,23,74
2/24/2018,7:30:00,0,23.4,73
2/24/2018,7:45:00,0,23.6,74
2/24/2018,8:00:00,0,24.3,74
2/24/2018,8:15:00,0,24.5,73
2/24/2018,8:30:00,0,24.8,72
2/24/2018,8:45:00,0,25.1,70
2/24/2018,9:00:00,0,25.4,59
2/24/2018,9:15:00,0,25.3,56
2/24/2018,9:30:00,0,26,56
2/24/2018,9:45:00,0,26,53
2/24/2018,10:00:00,0,26,56
2/24/2018,10:15:00,0,26.3,55
2/24/2018,10:30:00,0,25.7,55
2/24/2018,10:45:00,0,26,55
2/24/2018,11:00:00,0,25.6,57
2/24/2018,11:15:00,0,26,57
2/24/2018,11:30:00,0,25.6,57
2/24/2018,11:45:00,0,24.9,58
2/24/2018,12:00:00,0,24.5,55
2/24/2018,12:15:00,0,25.4,54
2/24/2018,12:30:00,0,25.9,55
2/24/2018,12:45:00,0,26.3,54
2/24/2018,13:00:00,0,27,53
2/24/2018,13:15:00,0,26,53
2/24/2018,13:30:00,0,25.6,53
2/24/2018,13:45:00,0,27,54
2/24/2018,14:00:00,0,27,54
2/24/2018,14:15:00,0,26.9,53
2/24/2018,14:30:00,0,26.9,52
2/24/2018,14:45:00,0,26.4,53
2/24/2018,15:00:00,0,26.3,53
2/24/2018,15:15:00,0,25.9,52
2/24/2018,15:30:00,0,26.2,51
2/24/2018,15:45:00,0,25.9,51
2/24/2018,16:00:00,0,26.5,52
2/24/2018,16:15:00,0,26.2,52
2/24/2018,16:30:00,0,25.7,53
2/24/2018,16:45:00,0,26.4,51
2/24/2018,17:00:00,0,25.7,52
2/24/2018,17:15:00,0,25.7,54
2/24/2018,17:30:00,0,25.8,52
2/24/2018,17:45:00,0,26,55
2/24/2018,18:00:00,0,25.2,55
2/24/2018,18:15:00,0,25.4,55
2/24/2018,18:30:00,0,25.3,56
2/24/2018,18:45:00,0,25.1,56
2/24/2018,19:00:00,0,25.2,56
2/24/2018,19:15:00,0,25.3,55
2/24/2018,19:30:00,0,25.3,56
2/24/2018,19:45:00,0,25.4,55
2/24/2018,20:00:00,0,23.7,63
2/24/2018,20:15:00,0,23.8,62
2/24/2018,20:30:00,0,24.1,59
2/24/2018,20:45:00,0,24.3,59
2/24/2018,21:00:00,0,24.3,61
2/24/2018,21:15:00,0,24,60
2/24/2018,21:30:00,0,24.1,59
2/24/2018,21:45:00,0,24.3,58
2/24/2018,22:00:00,0,24.8,57
2/24/2018,22:15:00,0,24.6,57
2/24/2018,22:30:00,0,24.3,56
2/24/2018,22:45:00,0,24.6,55
2/24/2018,23:00:00,0,24.5,54
2/24/2018,23:15:00,0,24.7,54
2/24/2018,23:30:00,0,24.7,53
2/24/2018,23:45:00,0,24.8,53
2/25/2018,0:00:00,0,24.3,55
2/25/2018,0:15:00,0,24,57
2/25/2018,0:30:00,0,23,62
2/25/2018,0:45:00,0,23.5,61
2/25/2018,1:00:00,0,23.1,62
2/25/2018,1:15:00,0,23.2,62
2/25/2018,1:30:00,0,23.1,63
2/25/2018,1:45:00,0,23,64
2/25/2018,2:00:00,0,22.9,66
2/25/2018,2:15:00,0,23,67
2/25/2018,2:30:00,0,22.5,68
2/25/2018,2:45:00,0,22.4,68
2/25/2018,3:00:00,0,22.3,69
2/25/2018,3:15:00,0,22,69
2/25/2018,3:30:00,0,21.9,70
2/25/2018,3:45:00,0,21.8,70
2/25/2018,4:00:00,0,21.5,70
2/25/2018,4:15:00,0,21.5,71
2/25/2018,4:30:00,0,21.2,72
2/25/2018,4:45:00,0,21.2,72
2/25/2018,5:00:00,0,21.9,71
2/25/2018,5:15:00,0,20.3,72
2/25/2018,5:30:00,0,20.9,72
2/25/2018,5:45:00,0,20.9,72
2/25/2018,6:00:00,0,20.9,72
2/25/2018,6:15:00,0,21.5,72
2/25/2018,6:30:00,0,22.3,73
2/25/2018,6:45:00,0,23.4,72
2/25/2018,7:00:00,0,24,70
2/25/2018,7:15:00,0,25.9,60
2/25/2018,7:30:00,0,28.5,43
2/25/2018,7:45:00,0,28,43
2/25/2018,8:00:00,0,26.9,49
2/25/2018,8:15:00,0,26.9,49
2/25/2018,8:30:00,0,27,50
2/25/2018,8:45:00,0,27.9,50
2/25/2018,9:00:00,0,27.1,47
2/25/2018,9:15:00,0,27,48
2/25/2018,9:30:00,0,27.3,46
2/25/2018,9:45:00,0,27.5,45
2/25/2018,10:00:00,0,27.3,45
2/25/2018,10:15:00,0,27.7,45
2/25/2018,10:30:00,0,28.4,46
2/25/2018,10:45:00,0,28,46
2/25/2018,11:00:00,0,28.5,42
2/25/2018,11:15:00,0,27.5,42
2/25/2018,11:30:00,0,29.1,42
2/25/2018,11:45:00,0,28.2,41
2/25/2018,12:00:00,0,28.7,38
2/25/2018,12:15:00,0,28.4,40
2/25/2018,12:30:00,0,29.6,40
2/25/2018,12:45:00,0,28.1,46
2/25/2018,13:00:00,0,28.2,47
2/25/2018,13:15:00,0,28.5,44
2/25/2018,13:30:00,0,28.5,43
2/25/2018,13:45:00,0,28.6,42
2/25/2018,14:00:00,0,29.1,40
2/25/2018,14:15:00,0,28.5,39
2/25/2018,14:30:00,0,28.7,39
2/25/2018,14:45:00,0,28.4,40
2/25/2018,15:00:00,0,28.7,39
2/25/2018,15:15:00,0,28.5,40
2/25/2018,15:30:00,0,27.3,44
2/25/2018,15:45:00,0,27,46
2/25/2018,16:00:00,0,27.7,43
2/25/2018,16:15:00,0,27.1,45
2/25/2018,16:30:00,0,25.9,47
2/25/2018,16:45:00,0,26.2,45
2/25/2018,17:00:00,0,25.9,47
2/25/2018,17:15:00,0,26.2,49
2/25/2018,17:30:00,0,25.8,50
2/25/2018,17:45:00,0,25.8,49
2/25/2018,18:00:00,0,26.2,51
2/25/2018,18:15:00,0,25.7,50
2/25/2018,18:30:00,0,25.3,51
2/25/2018,18:45:00,0,25.2,51
2/25/2018,19:00:00,0,25.1,51
2/25/2018,19:15:00,0,25.3,52
2/25/2018,19:30:00,0,24.9,52
2/25/2018,19:45:00,0,24.8,53
2/25/2018,20:00:00,0,25.3,53
2/25/2018,20:15:00,0,25.1,52
2/25/2018,20:30:00,0,25.2,52
2/25/2018,20:45:00,0,25.2,52
2/25/2018,21:00:00,0,24.8,52
2/25/2018,21:15:00,0,24.7,52
2/25/2018,21:30:00,0,24.7,54
2/25/2018,21:45:00,0,25.1,54
2/25/2018,22:00:00,0,24.8,54
2/25/2018,22:15:00,0,24.8,55
2/25/2018,22:30:00,0,25.2,55
2/25/2018,22:45:00,0,25.1,55
2/25/2018,23:00:00,0,25.1,56
2/25/2018,23:15:00,0,24.8,56
2/25/2018,23:30:00,0,24.9,57
2/25/2018,23:45:00,0,24.6,58
2/26/2018,0:00:00,0,24.5,58
2/26/2018,0:15:00,0,24.5,58
2/26/2018,0:30:00,0,24.5,59
2/26/2018,0:45:00,0,24,61
2/26/2018,1:00:00,0,23.7,62
2/26/2018,1:15:00,0,23.8,64
2/26/2018,1:30:00,0,23.2,64
2/26/2018,1:45:00,0,23.2,64
2/26/2018,2:00:00,0,23.2,65
2/26/2018,2:15:00,0,23.4,65
2/26/2018,2:30:00,0,23.2,65
2/26/2018,2:45:00,0,23.5,65
2/26/2018,3:00:00,0,23.2,65
2/26/2018,3:15:00,0,23.4,65
2/26/2018,3:30:00,0,23.4,65
2/26/2018,3:45:00,0,23.4,66
2/26/2018,4:00:00,0,23.4,66
2/26/2018,4:15:00,0,23.1,66
2/26/2018,4:30:00,0,22.7,66
2/26/2018,4:45:00,0,22.7,66
2/26/2018,5:00:00,0,22.5,67
2/26/2018,5:15:00,0,22.4,67
2/26/2018,5:30:00,0,22.3,68
2/26/2018,5:45:00,0,22.4,68
2/26/2018,6:00:00,0,22.4,69
2/26/2018,6:15:00,0,22.7,69
2/26/2018,6:30:00,0,22.6,69
2/26/2018,6:45:00,0,23.2,70
2/26/2018,7:00:00,0,23.2,69
2/26/2018,7:15:00,0,24.1,68
2/26/2018,7:30:00,0,24.7,66
2/26/2018,7:45:00,0,25.6,61
2/26/2018,8:00:00,0,26.9,55
2/26/2018,8:15:00,0,27.3,50
2/26/2018,8:30:00,0,28.6,44
2/26/2018,8:45:00,0,28.1,45
2/26/2018,9:00:00,0,29.1,45
2/26/2018,9:15:00,0,29.1,45
2/26/2018,9:30:00,0,28.1,47
2/26/2018,9:45:00,0,27.3,49
2/26/2018,10:00:00,0,27.7,50
2/26/2018,10:15:00,0,27.6,49
2/26/2018,10:30:00,0,28.4,50
2/26/2018,10:45:00,0,28.4,50
2/26/2018,11:00:00,0,27.9,49
2/26/2018,11:15:00,0,28.4,49
2/26/2018,11:30:00,0,28.7,49
2/26/2018,11:45:00,0,29.3,48
2/26/2018,12:00:00,0,28.7,46
2/26/2018,12:15:00,0,29.8,46
2/26/2018,12:30:00,0,28.6,49
2/26/2018,12:45:00,0,28.7,48
2/26/2018,13:00:00,0,29.9,45
2/26/2018,13:15:00,0,29,45
2/26/2018,13:30:00,0,29,46
2/26/2018,13:45:00,0,28.8,48
2/26/2018,14:00:00,0,28.8,47
2/26/2018,14:15:00,0,29.3,45
2/26/2018,14:30:00,0,28.5,49
2/26/2018,14:45:00,0,28.1,49
2/26/2018,15:00:00,0,28.2,49
2/26/2018,15:15:00,0,27.6,52
2/26/2018,15:30:00,0,27.5,53
2/26/2018,15:45:00,0,26.9,56
2/26/2018,16:00:00,0,26.7,59
2/26/2018,16:15:00,0,25.9,60
2/26/2018,16:30:00,0,25.3,61
2/26/2018,16:45:00,0,25.8,61
2/26/2018,17:00:00,0,25.2,63
2/26/2018,17:15:00,0.2,25.1,66
2/26/2018,17:30:00,0,25.1,68
2/26/2018,17:45:00,0,24.7,69
2/26/2018,18:00:00,0.2,24.6,70
2/26/2018,18:15:00,0,24.5,71
2/26/2018,18:30:00,0,24.6,71
2/26/2018,18:45:00,0,24.5,71
2/26/2018,19:00:00,0,24.3,72
2/26/2018,19:15:00,0,24.3,73
2/26/2018,19:30:00,0.2,24.5,72
2/26/2018,19:45:00,0.2,24.3,73
2/26/2018,20:00:00,0.2,24.3,73
2/26/2018,20:15:00,0,24.2,74
2/26/2018,20:30:00,0.2,24.3,74
2/26/2018,20:45:00,0,24.3,74
2/26/2018,21:00:00,0,24.6,74
2/26/2018,21:15:00,0,24.3,74
2/26/2018,21:30:00,0.2,24.1,74
2/26/2018,21:45:00,0,24.2,74
2/26/2018,22:00:00,0,24.2,74
2/26/2018,22:15:00,0,24,74
2/26/2018,22:30:00,0,24,74
2/26/2018,22:45:00,0,24,74
2/26/2018,23:00:00,0,23.8,74
2/26/2018,23:15:00,0,23.7,74
2/26/2018,23:30:00,0,24.2,75
2/26/2018,23:45:00,0,23.2,75
2/27/2018,0:00:00,0,24.6,74
2/27/2018,0:15:00,0,24.2,75
2/27/2018,0:30:00,0,23.8,75
2/27/2018,0:45:00,0,23.6,74
2/27/2018,1:00:00,0,23.7,75
2/27/2018,1:15:00,0,23.6,74
2/27/2018,1:30:00,0,23.5,75
2/27/2018,1:45:00,0,23.5,75
2/27/2018,2:00:00,0,23.5,75
2/27/2018,2:15:00,0,23.5,75
2/27/2018,2:30:00,0,23.2,75
2/27/2018,2:45:00,0,23.6,75
2/27/2018,3:00:00,0,23.5,75
2/27/2018,3:15:00,0,23,75
2/27/2018,3:30:00,0,23.2,75
2/27/2018,3:45:00,0,22.7,75
2/27/2018,4:00:00,0,22.7,75
2/27/2018,4:15:00,0,22.3,75
2/27/2018,4:30:00,0,22,75
2/27/2018,4:45:00,0,22,75
2/27/2018,5:00:00,0,21.5,75
2/27/2018,5:15:00,0,22.5,75
2/27/2018,5:30:00,0,21.9,74
2/27/2018,5:45:00,0,21,73
2/27/2018,6:00:00,0,21.6,74
2/27/2018,6:15:00,0,22.5,74
2/27/2018,6:30:00,0,21.9,73
2/27/2018,6:45:00,0,22,73
2/27/2018,7:00:00,0,22.5,72
2/27/2018,7:15:00,0,22.7,71
2/27/2018,7:30:00,0,23,70
2/27/2018,7:45:00,0,23.4,68
2/27/2018,8:00:00,0,24.2,66
2/27/2018,8:15:00,0,24.8,64
2/27/2018,8:30:00,0,24.9,62
2/27/2018,8:45:00,0,25.1,63
2/27/2018,9:00:00,0,24.8,64
2/27/2018,9:15:00,0,25.2,65
2/27/2018,9:30:00,0,25.2,66
2/27/2018,9:45:00,0,25.8,67
2/27/2018,10:00:00,0,25.6,66
2/27/2018,10:15:00,0,25.8,65
2/27/2018,10:30:00,0,25.9,63
2/27/2018,10:45:00,0.2,26.7,61
2/27/2018,11:00:00,0.2,27,58
2/27/2018,11:15:00,0,28,58
2/27/2018,11:30:00,0.2,28,56
2/27/2018,11:45:00,0,28.2,53
2/27/2018,12:00:00,0,27.3,59
2/27/2018,12:15:00,0,26.5,59
2/27/2018,12:30:00,0,26.7,59
2/27/2018,12:45:00,0,26.7,60
2/27/2018,13:00:00,0,26.5,59
2/27/2018,13:15:00,0,29.5,55
2/27/2018,13:30:00,0,30.8,45
2/27/2018,13:45:00,0,31.8,42
2/27/2018,14:00:00,0,30.7,42
2/27/2018,14:15:00,0,29.8,47
2/27/2018,14:30:00,0,27.3,55
2/27/2018,14:45:00,0,27.6,57
2/27/2018,15:00:00,0,29.2,55
2/27/2018,15:15:00,0,28.5,53
2/27/2018,15:30:00,0,28.8,54
2/27/2018,15:45:00,0,28.7,53
2/27/2018,16:00:00,0,27.7,55
2/27/2018,16:15:00,0,28.2,55
2/27/2018,16:30:00,0,28.5,54
2/27/2018,16:45:00,0,27.4,57
2/27/2018,17:00:00,0,26.8,59
2/27/2018,17:15:00,0,26.7,61
2/27/2018,17:30:00,0,26.4,61
2/27/2018,17:45:00,0,27.3,63
2/27/2018,18:00:00,0,26.3,61
2/27/2018,18:15:00,0,26.2,61
2/27/2018,18:30:00,0,26,61
2/27/2018,18:45:00,0,26.3,62
2/27/2018,19:00:00,0,26.2,63
2/27/2018,19:15:00,2,25.6,65
2/27/2018,19:30:00,12.6,25.6,66
2/27/2018,19:45:00,15.8,25.2,67
2/27/2018,20:00:00,0.6,25.2,68
2/27/2018,20:15:00,0,24.6,67
2/27/2018,20:30:00,0,24.7,67
2/27/2018,20:45:00,0,24.5,67
2/27/2018,21:00:00,0,24.3,67
2/27/2018,21:15:00,0,23.6,67
2/27/2018,21:30:00,0.2,24.3,67
2/27/2018,21:45:00,0.2,23.8,68
2/27/2018,22:00:00,0,23.8,68
2/27/2018,22:15:00,0,23.7,69
2/27/2018,22:30:00,0,23.8,69
2/27/2018,22:45:00,0,23.8,70
2/27/2018,23:00:00,0,23.6,70
2/27/2018,23:15:00,0,23.5,70
2/27/2018,23:30:00,0,23.6,70
2/27/2018,23:45:00,0,23.7,71
2/28/2018,0:00:00,0,23.5,71
2/28/2018,0:15:00,0,23.1,70
2/28/2018,0:30:00,0,23.1,71
2/28/2018,0:45:00,0,22.9,71
2/28/2018,1:00:00,0,23,71
2/28/2018,1:15:00,0,23.4,71
2/28/2018,1:30:00,0,23.2,71
2/28/2018,1:45:00,0,23.1,71
2/28/2018,2:00:00,0,23.1,70
2/28/2018,2:15:00,0,23.1,70
2/28/2018,2:30:00,0,23.2,70
2/28/2018,2:45:00,0,23.4,70
2/28/2018,3:00:00,0,23.4,70
2/28/2018,3:15:00,0,23.1,70
2/28/2018,3:30:00,0,23.1,70
2/28/2018,3:45:00,0,23,70
2/28/2018,4:00:00,0,23.1,70
2/28/2018,4:15:00,0,23,70
2/28/2018,4:30:00,0,23,70
2/28/2018,4:45:00,0,23.1,70
2/28/2018,5:00:00,0,22.6,70
2/28/2018,5:15:00,0,22.7,70
2/28/2018,5:30:00,0,22.5,70
2/28/2018,5:45:00,0,22.5,71
2/28/2018,6:00:00,0,22.7,71
2/28/2018,6:15:00,0,23.2,71
2/28/2018,6:30:00,0,24.3,70
2/28/2018,6:45:00,0,25.3,68
2/28/2018,7:00:00,0,26.3,60
2/28/2018,7:15:00,0,27.7,52
2/28/2018,7:30:00,0,27.7,48
2/28/2018,7:45:00,0,28.4,47
2/28/2018,8:00:00,0,28.5,46
2/28/2018,8:15:00,0,28.5,45
2/28/2018,8:30:00,0,29.2,44
2/28/2018,8:45:00,0,30.1,44
2/28/2018,9:00:00,0,30.1,42
2/28/2018,9:15:00,0,31.8,41
2/28/2018,9:30:00,0,31.7,39
2/28/2018,9:45:00,0,28.7,48
2/28/2018,10:00:00,0,28.7,49
2/28/2018,10:15:00,0,28.7,51
2/28/2018,10:30:00,0,29.1,48
2/28/2018,10:45:00,0,30.2,48
2/28/2018,11:00:00,0,29.3,48
2/28/2018,11:15:00,0,28.6,52
2/28/2018,11:30:00,0,29.1,50
2/28/2018,11:45:00,0,29.7,46
2/28/2018,12:00:00,0,29.7,48
2/28/2018,12:15:00,0,28.4,50
2/28/2018,12:30:00,0,29,53
2/28/2018,12:45:00,0,29.5,49
2/28/2018,13:00:00,0,29.2,52
2/28/2018,13:15:00,0,29.5,51
2/28/2018,13:30:00,0,29.7,51
2/28/2018,13:45:00,0,29.2,52
2/28/2018,14:00:00,0,28.8,52
2/28/2018,14:15:00,0,29.1,51
2/28/2018,14:30:00,0,29.1,53
2/28/2018,14:45:00,0,28.6,54
2/28/2018,15:00:00,0,28.6,55
2/28/2018,15:15:00,0,28.2,54
2/28/2018,15:30:00,0,28.7,53
2/28/2018,15:45:00,0,28.1,53
2/28/2018,16:00:00,0,27.4,56
2/28/2018,16:15:00,0,27.5,56
2/28/2018,16:30:00,0,27.5,56
2/28/2018,16:45:00,0,27.4,56
2/28/2018,17:00:00,0,27.4,57
2/28/2018,17:15:00,0,27.4,54
2/28/2018,17:30:00,0,26.8,57
2/28/2018,17:45:00,0,25.8,57
2/28/2018,18:00:00,0,27,58
2/28/2018,18:15:00,0,26.8,58
2/28/2018,18:30:00,0,26.5,59
2/28/2018,18:45:00,0,26.7,58
2/28/2018,19:00:00,0,26.8,59
2/28/2018,19:15:00,0,26.2,59
2/28/2018,19:30:00,0,26,60
2/28/2018,19:45:00,0,25.9,59
2/28/2018,20:00:00,0,25.8,61
2/28/2018,20:15:00,0,25.6,62
2/28/2018,20:30:00,0,25.3,64
2/28/2018,20:45:00,0,25.3,64
2/28/2018,21:00:00,0,25.2,65
2/28/2018,21:15:00,0,24.8,65
2/28/2018,21:30:00,0,24.7,66
2/28/2018,21:45:00,0,24.2,67
2/28/2018,22:00:00,0,24.8,67
2/28/2018,22:15:00,0,24.6,68
2/28/2018,22:30:00,0,24.2,68
2/28/2018,22:45:00,0,24.2,68
2/28/2018,23:00:00,0,24,69
2/28/2018,23:15:00,0,24.1,69
2/28/2018,23:30:00,0,24,70
2/28/2018,23:45:00,0,23.7,70
